"ref_area","source","indicator","sex","time","obs_value","obs_status","note_indicator","note_source"
"AFG","BA:15715","EAR_EHRM_SEX_NB","SEX_T","2020",51.282,"B","T30:110_I11:264","R1:3513"
"AFG","BB:6361","EAR_EHRM_SEX_NB","SEX_T","2014",38.462,,"T30:110","R1:3513"
"AGO","BA:13951","EAR_EHRM_SEX_NB","SEX_T","2024",288.462,,"T30:2","R1:3513"
"AGO","BA:13951","EAR_EHRM_SEX_NB","SEX_T","2023",329.67,,"T30:2","R1:3513"
"AGO","BA:13951","EAR_EHRM_SEX_NB","SEX_T","2022",277.778,,"T30:2","R1:3513"
"AGO","BA:13951","EAR_EHRM_SEX_NB","SEX_T","2021",256.41,,"T30:2","R1:3513"
"AGO","BA:13951","EAR_EHRM_SEX_NB","SEX_T","2020",256.41,,"T30:2","R1:3513"
"AGO","BA:13951","EAR_EHRM_SEX_NB","SEX_T","2019",230.769,"B","T30:2_I11:264","R1:3513"
"ARG","BA:150","EAR_EHRM_SEX_NB","SEX_T","2025",5192.308,,"T30:61","R1:3513_S4:33"
"ARG","BA:150","EAR_EHRM_SEX_NB","SEX_T","2024",2937.063,,"T30:61","R1:3513_S4:33"
"ARG","BA:150","EAR_EHRM_SEX_NB","SEX_T","2023",944.056,,"T30:61","R1:3513_S4:33"
"ARG","BA:150","EAR_EHRM_SEX_NB","SEX_T","2022",432.692,,"T30:61","R1:3513_S4:33"
"ARG","BA:150","EAR_EHRM_SEX_NB","SEX_T","2021",276.923,,"T30:61","R1:3513_S4:33"
"ARG","BA:150","EAR_EHRM_SEX_NB","SEX_T","2020",199.453,,"T30:61","R1:3513_S4:33"
"ARG","BA:150","EAR_EHRM_SEX_NB","SEX_T","2019",138.462,,"T30:61","R1:3513_S4:33"
"ARG","BA:150","EAR_EHRM_SEX_NB","SEX_T","2018",96.154,,"T30:61","R1:3513_S4:33"
"ARG","BA:150","EAR_EHRM_SEX_NB","SEX_T","2017",76.923,,"T30:61","R1:3513_S4:33"
"ARG","BA:150","EAR_EHRM_SEX_NB","SEX_T","2014",33.654,,"T30:61_I13:3888","R1:3513_S4:33"
"ARG","BA:150","EAR_EHRM_SEX_NB","SEX_T","2013",25.481,,"T30:61_I13:3888","R1:3513_S4:33"
"ARG","BA:150","EAR_EHRM_SEX_NB","SEX_T","2012",19.832,,"T30:61_I13:3888","R1:3513_S4:33"
"ARG","BA:150","EAR_EHRM_SEX_NB","SEX_T","2011",15.385,,"T30:61_I13:3888","R1:3513_S4:33"
"ARG","BA:150","EAR_EHRM_SEX_NB","SEX_T","2010",11.539,,"T30:61_I13:3888","R1:3513_S4:33"
"ARG","BA:150","EAR_EHRM_SEX_NB","SEX_T","2009",9.441,,"T30:61_I13:3888","R1:3513_S4:33"
"ARG","BA:150","EAR_EHRM_SEX_NB","SEX_T","2008",7.692,,"T30:61_I13:3888","R1:3513_S4:33"
"ARG","BA:150","EAR_EHRM_SEX_NB","SEX_T","2006",4.615,,"T30:61","R1:3513_S4:33"
"ARG","BA:150","EAR_EHRM_SEX_NB","SEX_T","2005",3.846,,"T30:61","R1:3513_S4:33"
"ARG","BA:150","EAR_EHRM_SEX_NB","SEX_T","2004",3.147,"B","T30:61_I11:264","R1:3513_S4:33"
"ARM","BA:867","EAR_EHRM_SEX_NB","SEX_T","2017",475.964,,"T30:111","R1:3513_T3:240"
"ARM","BA:867","EAR_EHRM_SEX_NB","SEX_T","2016",475.964,,"T30:111","R1:3513_T3:240"
"ARM","BA:867","EAR_EHRM_SEX_NB","SEX_T","2015",461.538,,"T30:111","R1:3513_T3:240"
"ARM","BA:867","EAR_EHRM_SEX_NB","SEX_T","2014",432.692,"B","T30:111_I11:264","R1:3513_T3:240"
"ARM","BB:173","EAR_EHRM_SEX_NB","SEX_T","2013",403.846,,"T30:111","R1:3513_T3:240"
"ARM","BB:173","EAR_EHRM_SEX_NB","SEX_T","2012",384.615,,"T30:111","R1:3513_T3:240"
"ARM","BB:173","EAR_EHRM_SEX_NB","SEX_T","2011",380.769,,"T30:111","R1:3513_T3:240"
"ARM","BB:173","EAR_EHRM_SEX_NB","SEX_T","2010",346.154,,"T30:111","R1:3513_T3:240"
"ARM","BB:173","EAR_EHRM_SEX_NB","SEX_T","2007",259.615,"B","T30:111_I11:264","R1:3513_T3:240"
"ATG","BA:16714","EAR_EHRM_SEX_NB","SEX_T","2023",16.484,,"T30:60","R1:3513"
"ATG","BA:16714","EAR_EHRM_SEX_NB","SEX_T","2018",12.82,,"T30:60","R1:3513"
"BDI","BB:7040","EAR_EHRM_SEX_NB","SEX_T","2014",156.986,,"T30:6","R1:3513"
"BEN","BB:426","EAR_EHRM_SEX_NB","SEX_T","2011",288.462,,"T30:3","R1:3513"
"BFA","BA:904","EAR_EHRM_SEX_NB","SEX_T","2025",247.253,,"T30:5","R1:3513"
"BFA","BA:904","EAR_EHRM_SEX_NB","SEX_T","2024",288.765,,"T30:5","R1:3513"
"BGD","BA:673","EAR_EHRM_SEX_NB","SEX_T","2024",61.538,,"T30:114","R1:3513"
"BGD","BA:673","EAR_EHRM_SEX_NB","SEX_T","2023",51.282,,"T30:114","R1:3513"
"BGD","BA:673","EAR_EHRM_SEX_NB","SEX_T","2022",50.481,,"T30:114","R1:3513"
"BGD","BA:673","EAR_EHRM_SEX_NB","SEX_T","2017",41.538,,"T30:114","R1:3513"
"BGD","BA:673","EAR_EHRM_SEX_NB","SEX_T","2013",49.451,"B","T30:114_I11:264","R1:3513"
"BHS","BA:17","EAR_EHRM_SEX_NB","SEX_T","2023",9.615,,"T30:63","R1:3513"
"BHS","BA:17","EAR_EHRM_SEX_NB","SEX_T","2019",12,,"T30:63","R1:3513"
"BIH","BA:493","EAR_EHRM_SEX_NB","SEX_T","2025",11.539,,"T30:164","R1:3513"
"BIH","BA:493","EAR_EHRM_SEX_NB","SEX_T","2024",10,,"T30:164","R1:3513"
"BIH","BA:493","EAR_EHRM_SEX_NB","SEX_T","2023",6.923,"B","T30:164_I11:264","R1:3513"
"BIH","BA:493","EAR_EHRM_SEX_NB","SEX_T","2022",6.923,"B","T30:164_I11:264","R1:3513"
"BIH","BA:493","EAR_EHRM_SEX_NB","SEX_T","2021",6.923,"B","T30:164_I11:264","R1:3513"
"BIH","BA:493","EAR_EHRM_SEX_NB","SEX_T","2020",6.923,"B","I20:4077_T30:164_I11:264","R1:3513"
"BIH","BA:493","EAR_EHRM_SEX_NB","SEX_T","2016",3.462,,"T30:164","R1:3513"
"BIH","BA:493","EAR_EHRM_SEX_NB","SEX_T","2015",3.462,,"T30:164","R1:3513"
"BIH","BA:493","EAR_EHRM_SEX_NB","SEX_T","2014",3.462,,"T30:164","R1:3513"
"BIH","BA:493","EAR_EHRM_SEX_NB","SEX_T","2013",3.462,,"T30:164","R1:3513"
"BIH","BA:493","EAR_EHRM_SEX_NB","SEX_T","2012",3.462,,"T30:164","R1:3513"
"BIH","BA:493","EAR_EHRM_SEX_NB","SEX_T","2011",3.462,,"T30:164","R1:3513"
"BIH","BA:493","EAR_EHRM_SEX_NB","SEX_T","2010",3.462,,"T30:164","R1:3513"
"BIH","BA:493","EAR_EHRM_SEX_NB","SEX_T","2009",3.297,,"T30:164","R1:3513"
"BIH","BA:493","EAR_EHRM_SEX_NB","SEX_T","2008",2.885,,"T30:164","R1:3513"
"BIH","BA:493","EAR_EHRM_SEX_NB","SEX_T","2007",2.596,,"T30:164","R1:3513"
"BIH","BA:493","EAR_EHRM_SEX_NB","SEX_T","2006",2.164,"B","T30:164_I11:264","R1:3513"
"BIH","BB:15892","EAR_EHRM_SEX_NB","SEX_T","2001",1.731,,"T30:164","R1:3513"
"BLZ","BA:934","EAR_EHRM_SEX_NB","SEX_T","2019",5.931,,"T30:65","R1:3513"
"BLZ","BA:934","EAR_EHRM_SEX_NB","SEX_T","2018",5.625,,"T30:65","R1:3513"
"BOL","BA:74","EAR_EHRM_SEX_NB","SEX_T","2025",15.21,,"T30:67","R1:3513"
"BOL","BA:74","EAR_EHRM_SEX_NB","SEX_T","2024",14.988,,"T30:67","R1:3513"
"BOL","BA:74","EAR_EHRM_SEX_NB","SEX_T","2023",14.904,,"T30:67","R1:3513"
"BOL","BA:74","EAR_EHRM_SEX_NB","SEX_T","2022",14.423,,"T30:67","R1:3513"
"BOL","BA:74","EAR_EHRM_SEX_NB","SEX_T","2021",14.423,"B","T30:67_I11:264","R1:3513"
"BOL","BB:15890","EAR_EHRM_SEX_NB","SEX_T","2004",3.462,"B","T30:67_I11:264","R1:3513"
"BOL","BX:15722","EAR_EHRM_SEX_NB","SEX_T","2002",3.97,,"T30:67","R1:3513"
"BOL","BX:15722","EAR_EHRM_SEX_NB","SEX_T","2001",4.063,,"T30:67","R1:3513"
"BOL","BX:15722","EAR_EHRM_SEX_NB","SEX_T","2000",4.039,,"T30:67","R1:3513"
"BRA","BX:6355","EAR_EHRM_SEX_NB","SEX_T","2025",13.112,,"T30:68","R1:3513"
"BRA","BX:6355","EAR_EHRM_SEX_NB","SEX_T","2024",11.539,,"T30:68","R1:3513"
"BRA","BX:6355","EAR_EHRM_SEX_NB","SEX_T","2023",10.961,,"T30:68","R1:3513"
"BRA","BX:6355","EAR_EHRM_SEX_NB","SEX_T","2022",9.965,,"T30:68","R1:3513"
"BRA","BX:6355","EAR_EHRM_SEX_NB","SEX_T","2021",9.231,,"T30:68","R1:3513"
"BRA","BX:6355","EAR_EHRM_SEX_NB","SEX_T","2020",9.231,,"T30:68","R1:3513"
"BRA","BX:6355","EAR_EHRM_SEX_NB","SEX_T","2019",8.654,,"T30:68","R1:3513"
"BRA","BX:6355","EAR_EHRM_SEX_NB","SEX_T","2018",8.333,,"T30:68","R1:3513"
"BRA","BX:6355","EAR_EHRM_SEX_NB","SEX_T","2017",7.867,,"T30:68","R1:3513"
"BRA","BX:6355","EAR_EHRM_SEX_NB","SEX_T","2016",7.5,,"T30:68","R1:3513"
"BRA","BX:6355","EAR_EHRM_SEX_NB","SEX_T","2015",6.844,,"T30:68","R1:3513"
"BRA","BX:6355","EAR_EHRM_SEX_NB","SEX_T","2014",6.239,,"T30:68","R1:3513"
"BRA","BX:6355","EAR_EHRM_SEX_NB","SEX_T","2013",5.769,,"T30:68","R1:3513"
"BRA","BX:6355","EAR_EHRM_SEX_NB","SEX_T","2012",5.192,"B","T30:68_I11:264","R1:3513"
"BRN","BA:8230","EAR_EHRM_SEX_NB","SEX_T","2014",5.914,"B","T30:116_I11:264","R1:3513"
"BTN","BA:625","EAR_EHRM_SEX_NB","SEX_T","2022",86.538,,"T30:115","R1:3513"
"BTN","BA:625","EAR_EHRM_SEX_NB","SEX_T","2021",85.482,,"T30:115","R1:3513"
"BTN","BA:625","EAR_EHRM_SEX_NB","SEX_T","2020",83.333,,"T30:115","R1:3513"
"BTN","BA:625","EAR_EHRM_SEX_NB","SEX_T","2019",76.923,,"T30:115","R1:3513"
"BTN","BA:625","EAR_EHRM_SEX_NB","SEX_T","2018",62.937,,"T30:115","R1:3513"
"BWA","BX:15710","EAR_EHRM_SEX_NB","SEX_T","2024",12.019,,"T30:4","R1:3513"
"BWA","BX:15710","EAR_EHRM_SEX_NB","SEX_T","2023",11.539,,"T30:4","R1:3513"
"BWA","BX:15710","EAR_EHRM_SEX_NB","SEX_T","2022",11.539,,"T30:4","R1:3513"
"BWA","BX:15710","EAR_EHRM_SEX_NB","SEX_T","2021",11.907,,"T30:4","R1:3513"
"BWA","BX:15710","EAR_EHRM_SEX_NB","SEX_T","2020",10,,"T30:4","R1:3513"
"BWA","BX:15710","EAR_EHRM_SEX_NB","SEX_T","2019",9.615,"B","T30:4_I11:264","R1:3513"
"CAN","BA:147","EAR_EHRM_SEX_NB","SEX_T","2025",32,,"T30:69","R1:3513"
"CAN","BA:147","EAR_EHRM_SEX_NB","SEX_T","2024",30.374,,"T30:69","R1:3513"
"CAN","BA:147","EAR_EHRM_SEX_NB","SEX_T","2023",29.333,,"T30:69","R1:3513"
"CAN","BA:147","EAR_EHRM_SEX_NB","SEX_T","2022",28,,"T30:69","R1:3513"
"CAN","BA:147","EAR_EHRM_SEX_NB","SEX_T","2021",26.92,,"T30:69","R1:3513"
"CAN","BA:147","EAR_EHRM_SEX_NB","SEX_T","2020",26.9,,"T30:69","R1:3513"
"CAN","BA:147","EAR_EHRM_SEX_NB","SEX_T","2019",25,,"T30:69","R1:3513"
"CAN","BA:147","EAR_EHRM_SEX_NB","SEX_T","2018",23.914,,"T30:69","R1:3513"
"CAN","BA:147","EAR_EHRM_SEX_NB","SEX_T","2017",23.336,,"T30:69","R1:3513"
"CAN","BA:147","EAR_EHRM_SEX_NB","SEX_T","2016",23,,"T30:69","R1:3513"
"CAN","BA:147","EAR_EHRM_SEX_NB","SEX_T","2015",22.5,,"T30:69","R1:3513"
"CAN","BA:147","EAR_EHRM_SEX_NB","SEX_T","2014",22,,"T30:69","R1:3513"
"CAN","BA:147","EAR_EHRM_SEX_NB","SEX_T","2013",21.429,,"T30:69","R1:3513"
"CAN","BA:147","EAR_EHRM_SEX_NB","SEX_T","2012",20.921,,"T30:69","R1:3513"
"CAN","BA:147","EAR_EHRM_SEX_NB","SEX_T","2011",20.408,,"T30:69","R1:3513"
"CAN","BA:147","EAR_EHRM_SEX_NB","SEX_T","2010",20.084,,"T30:69","R1:3513"
"CAN","BA:147","EAR_EHRM_SEX_NB","SEX_T","2009",20,,"T30:69","R1:3513"
"CAN","BA:147","EAR_EHRM_SEX_NB","SEX_T","2008",19.048,,"T30:69","R1:3513"
"CAN","BA:147","EAR_EHRM_SEX_NB","SEX_T","2007",18.21,,"T30:69","R1:3513"
"CAN","BA:147","EAR_EHRM_SEX_NB","SEX_T","2006",17.79,,"T30:69","R1:3513"
"CAN","BA:147","EAR_EHRM_SEX_NB","SEX_T","2005",17,,"T30:69","R1:3513"
"CAN","BA:147","EAR_EHRM_SEX_NB","SEX_T","2004",16.599,,"T30:69","R1:3513"
"CAN","BA:147","EAR_EHRM_SEX_NB","SEX_T","2003",16.25,,"T30:69","R1:3513"
"CAN","BA:147","EAR_EHRM_SEX_NB","SEX_T","2002",15.73,,"T30:69","R1:3513"
"CAN","BA:147","EAR_EHRM_SEX_NB","SEX_T","2001",15.38,,"T30:69","R1:3513"
"CAN","BA:147","EAR_EHRM_SEX_NB","SEX_T","2000",14.9,,"T30:69","R1:3513"
"CHE","BA:253","EAR_EHRM_SEX_NB","SEX_T","2025",38.256,,"T30:206","R1:3513"
"CHE","BA:253","EAR_EHRM_SEX_NB","SEX_T","2024",37.764,,"T30:206","R1:3513"
"CHE","BA:253","EAR_EHRM_SEX_NB","SEX_T","2023",37.154,,"T30:206","R1:3513"
"CHE","BA:253","EAR_EHRM_SEX_NB","SEX_T","2022",36.058,,"T30:206","R1:3513"
"CHE","BA:253","EAR_EHRM_SEX_NB","SEX_T","2021",36.538,,"T30:206","R1:3513"
"CHE","BA:253","EAR_EHRM_SEX_NB","SEX_T","2020",36.49,,"T30:206","R1:3513"
"CHE","BA:253","EAR_EHRM_SEX_NB","SEX_T","2019",34.998,,"T30:206","R1:3513"
"CHE","BA:253","EAR_EHRM_SEX_NB","SEX_T","2018",34.476,,"T30:206","R1:3513"
"CHE","BA:253","EAR_EHRM_SEX_NB","SEX_T","2017",34.253,,"T30:206","R1:3513"
"CHE","BA:253","EAR_EHRM_SEX_NB","SEX_T","2016",33.923,,"T30:206","R1:3513"
"CHE","BA:253","EAR_EHRM_SEX_NB","SEX_T","2015",33.874,,"T30:206","R1:3513"
"CHE","BA:253","EAR_EHRM_SEX_NB","SEX_T","2014",33.923,,"T30:206","R1:3513"
"CHE","BA:253","EAR_EHRM_SEX_NB","SEX_T","2013",33.333,,"T30:206","R1:3513"
"CHE","BA:253","EAR_EHRM_SEX_NB","SEX_T","2012",33.046,,"T30:206","R1:3513"
"CHE","BA:253","EAR_EHRM_SEX_NB","SEX_T","2011",32.5,,"T30:206","R1:3513"
"CHE","BA:253","EAR_EHRM_SEX_NB","SEX_T","2010",32.449,,"T30:206","R1:3513"
"CHE","BA:253","EAR_EHRM_SEX_NB","SEX_T","2009",33.333,,"T30:206","R1:3513"
"CHE","BA:253","EAR_EHRM_SEX_NB","SEX_T","2008",32.316,,"T30:206","R1:3513"
"CHE","BA:253","EAR_EHRM_SEX_NB","SEX_T","2007",31.817,,"T30:206","R1:3513"
"CHE","BA:253","EAR_EHRM_SEX_NB","SEX_T","2006",31.154,,"T30:206","R1:3513"
"CHE","BA:253","EAR_EHRM_SEX_NB","SEX_T","2005",31.088,,"T30:206","R1:3513"
"CHE","BA:253","EAR_EHRM_SEX_NB","SEX_T","2004",30.769,,"T30:206","R1:3513"
"CHE","BA:253","EAR_EHRM_SEX_NB","SEX_T","2003",30.769,,"T30:206","R1:3513"
"CHE","BA:253","EAR_EHRM_SEX_NB","SEX_T","2002",30.286,,"T30:206","R1:3513"
"CHE","BA:253","EAR_EHRM_SEX_NB","SEX_T","2001",29.789,,"T30:206","R1:3513"
"CHE","BA:253","EAR_EHRM_SEX_NB","SEX_T","2000",28.887,,"T30:206","R1:3513"
"CHL","BB:16207","EAR_EHRM_SEX_NB","SEX_T","2024",3907.401,,"T30:74","R1:3513"
"CHL","BB:16207","EAR_EHRM_SEX_NB","SEX_T","2023",3589.744,,"T30:74","R1:3513"
"CHL","BB:16207","EAR_EHRM_SEX_NB","SEX_T","2022",3144.494,,"T30:74","R1:3513"
"CHL","BB:16207","EAR_EHRM_SEX_NB","SEX_T","2021",2857.791,,"T30:74","R1:3513"
"CHL","BB:16207","EAR_EHRM_SEX_NB","SEX_T","2020",2750.868,,"T30:74","R1:3513"
"CHL","BB:16207","EAR_EHRM_SEX_NB","SEX_T","2018",2360.14,,"T30:74","R1:3513"
"CHL","BB:16207","EAR_EHRM_SEX_NB","SEX_T","2017",2307.692,,"T30:74","R1:3513"
"CHL","BB:16207","EAR_EHRM_SEX_NB","SEX_T","2016",2157.441,,"T30:74","R1:3513"
"CHL","BB:16207","EAR_EHRM_SEX_NB","SEX_T","2015",2051.282,,"T30:74","R1:3513"
"CHL","BB:16207","EAR_EHRM_SEX_NB","SEX_T","2014",1922.716,,"T30:74","R1:3513"
"CHL","BX:138","EAR_EHRM_SEX_NB","SEX_T","2013",1558.118,,"T30:74","R1:3513"
"CHL","BB:16207","EAR_EHRM_SEX_NB","SEX_T","2012",1598.68,,"T30:74","R1:3513"
"CHL","BX:138","EAR_EHRM_SEX_NB","SEX_T","2011",1427.759,,"T30:74","R1:3513"
"CHL","BB:16207","EAR_EHRM_SEX_NB","SEX_T","2010",1283.306,,"T30:74","R1:3513"
"CHL","BX:138","EAR_EHRM_SEX_NB","SEX_T","2009",1317.5,,"T30:74","R1:3513"
"CHL","BX:138","EAR_EHRM_SEX_NB","SEX_T","2006",971.154,,"T30:74","R1:3513"
"CHL","BX:138","EAR_EHRM_SEX_NB","SEX_T","2000",692.308,,"T30:74","R1:3513"
"CIV","BA:7345","EAR_EHRM_SEX_NB","SEX_T","2019",538.462,,"T30:13","R1:3513"
"CIV","BA:14098","EAR_EHRM_SEX_NB","SEX_T","2017",320.09,,"T30:13","R1:3513"
"CIV","BA:7345","EAR_EHRM_SEX_NB","SEX_T","2013",274.725,,"T30:13","R1:3513"
"CIV","BA:7345","EAR_EHRM_SEX_NB","SEX_T","2012",192.308,"B","T30:13_I11:264","R1:3513"
"COD","BX:16939","EAR_EHRM_SEX_NB","SEX_T","2016",519.231,,"T30:12","R1:3513_S4:33"
"COD","BA:3051","EAR_EHRM_SEX_NB","SEX_T","2012",346.154,"B","T30:12_I11:264","R1:3513"
"COD","BA:3051","EAR_EHRM_SEX_NB","SEX_T","2005",32.051,"B","T30:12_I11:264","R1:3513"
"COG","BA:2624","EAR_EHRM_SEX_NB","SEX_T","2009",384.615,"B","T30:11_I11:264","R1:3513_S4:31"
"COK","BA:15665","EAR_EHRM_SEX_NB","SEX_T","2023",13.187,,"T30:213","R1:3513"
"COK","BA:15665","EAR_EHRM_SEX_NB","SEX_T","2019",9.152,"B","T30:213_I11:264","R1:3513"
"COL","BA:358","EAR_EHRM_SEX_NB","SEX_T","2025",7692.308,,"T30:71","R1:3513"
"COL","BA:358","EAR_EHRM_SEX_NB","SEX_T","2024",6813.187,,"T30:71","R1:3513"
"COL","BA:358","EAR_EHRM_SEX_NB","SEX_T","2023",6153.847,,"T30:71","R1:3513"
"COL","BA:358","EAR_EHRM_SEX_NB","SEX_T","2022",5288.462,"B","T30:71_I11:264","R1:3513"
"COL","BA:358","EAR_EHRM_SEX_NB","SEX_T","2021",4615.385,,"T30:71","R1:3513"
"COL","BA:358","EAR_EHRM_SEX_NB","SEX_T","2019",4507.166,,"T30:71","R1:3513"
"COL","BA:358","EAR_EHRM_SEX_NB","SEX_T","2018",4285.715,,"T30:71","R1:3513"
"COL","BA:358","EAR_EHRM_SEX_NB","SEX_T","2017",4086.539,,"T30:71","R1:3513"
"COL","BA:358","EAR_EHRM_SEX_NB","SEX_T","2016",3846.154,,"T30:71","R1:3513"
"COL","BA:358","EAR_EHRM_SEX_NB","SEX_T","2015",3632.479,,"T30:71","R1:3513"
"COL","BA:358","EAR_EHRM_SEX_NB","SEX_T","2014",3461.539,,"T30:71","R1:3513"
"COL","BA:358","EAR_EHRM_SEX_NB","SEX_T","2013",3269.423,,"T30:71","R1:3513"
"COL","BA:358","EAR_EHRM_SEX_NB","SEX_T","2012",3076.923,,"T30:71","R1:3513"
"COL","BA:358","EAR_EHRM_SEX_NB","SEX_T","2011",2884.616,,"T30:71","R1:3513"
"COL","BA:358","EAR_EHRM_SEX_NB","SEX_T","2010",2747.253,"B","T30:71_I11:264","R1:3513"
"COL","BX:2226","EAR_EHRM_SEX_NB","SEX_T","2005",1923.077,,"T30:71","R1:3513"
"COL","BX:2226","EAR_EHRM_SEX_NB","SEX_T","2004",1785.286,,"T30:71","R1:3513"
"COL","BX:2226","EAR_EHRM_SEX_NB","SEX_T","2003",1610.577,,"T30:71","R1:3513"
"COL","BX:2226","EAR_EHRM_SEX_NB","SEX_T","2002",1513.986,,"T30:71","R1:3513"
"COM","BA:14125","EAR_EHRM_SEX_NB","SEX_T","2021",384.615,,"T30:10","R1:3513"
"COM","BA:14125","EAR_EHRM_SEX_NB","SEX_T","2014",373.776,,"T30:10","R1:3513"
"CRI","BA:12883","EAR_EHRM_SEX_NB","SEX_T","2025",2250,,"T30:72","R1:3513"
"CRI","BA:12883","EAR_EHRM_SEX_NB","SEX_T","2024",2135.417,,"T30:72","R1:3513"
"CRI","BA:12883","EAR_EHRM_SEX_NB","SEX_T","2023",2067.308,,"T30:72","R1:3513"
"CRI","BA:12883","EAR_EHRM_SEX_NB","SEX_T","2022",1947.116,,"T30:72","R1:3513"
"CRI","BA:12883","EAR_EHRM_SEX_NB","SEX_T","2021",1906.25,,"T30:72","R1:3513"
"CRI","BA:12883","EAR_EHRM_SEX_NB","SEX_T","2020",2031.25,,"T30:72","R1:3513"
"CRI","BA:12883","EAR_EHRM_SEX_NB","SEX_T","2019",1919.071,,"T30:72","R1:3513"
"CRI","BA:12883","EAR_EHRM_SEX_NB","SEX_T","2018",1822.917,,"T30:72","R1:3513"
"CRI","BA:12883","EAR_EHRM_SEX_NB","SEX_T","2017",1822.917,,"T30:72","R1:3513"
"CRI","BX:142","EAR_EHRM_SEX_NB","SEX_T","2016",1717.474,,"T30:72","R1:3513"
"CRI","BX:142","EAR_EHRM_SEX_NB","SEX_T","2015",1688.338,,"T30:72","R1:3513"
"CRI","BX:142","EAR_EHRM_SEX_NB","SEX_T","2014",1682.692,,"T30:72","R1:3513"
"CRI","BX:142","EAR_EHRM_SEX_NB","SEX_T","2013",1622.186,,"T30:72","R1:3513"
"CRI","BX:142","EAR_EHRM_SEX_NB","SEX_T","2012",1497.891,,"T30:72","R1:3513"
"CRI","BX:142","EAR_EHRM_SEX_NB","SEX_T","2010",1266.831,,"T30:72","R1:3513"
"DOM","BA:13413","EAR_EHRM_SEX_NB","SEX_T","2025",133.809,,"T30:76","R1:3513"
"DOM","BA:13413","EAR_EHRM_SEX_NB","SEX_T","2024",122.596,,"T30:76","R1:3513"
"DOM","BA:13413","EAR_EHRM_SEX_NB","SEX_T","2023",112.5,,"T30:76","R1:3513"
"DOM","BA:13413","EAR_EHRM_SEX_NB","SEX_T","2022",98.077,,"T30:76","R1:3513"
"DOM","BA:13413","EAR_EHRM_SEX_NB","SEX_T","2021",87.413,,"T30:76","R1:3513"
"DOM","BA:13413","EAR_EHRM_SEX_NB","SEX_T","2020",83.333,"B","T30:76_I11:264","R1:3513"
"DOM","BA:13413","EAR_EHRM_SEX_NB","SEX_T","2019",69.231,,"T30:76","R1:3513"
"DOM","BA:13413","EAR_EHRM_SEX_NB","SEX_T","2018",63.462,,"T30:76","R1:3513"
"DOM","BA:13413","EAR_EHRM_SEX_NB","SEX_T","2017",57.692,,"T30:76","R1:3513"
"DOM","BA:13413","EAR_EHRM_SEX_NB","SEX_T","2016",56.133,,"T30:76","R1:3513"
"DOM","BA:13413","EAR_EHRM_SEX_NB","SEX_T","2015",51.282,"B","T30:76_I11:264","R1:3513"
"ECU","BA:19","EAR_EHRM_SEX_NB","SEX_T","2025",2.712,,"T30:77","R1:3513"
"ECU","BA:19","EAR_EHRM_SEX_NB","SEX_T","2024",2.654,,"T30:77","R1:3513"
"ECU","BA:19","EAR_EHRM_SEX_NB","SEX_T","2023",2.564,,"T30:77","R1:3513"
"ECU","BA:19","EAR_EHRM_SEX_NB","SEX_T","2022",2.404,,"T30:77","R1:3513"
"ECU","BA:19","EAR_EHRM_SEX_NB","SEX_T","2021",2.308,,"T30:77","R1:3513"
"ECU","BA:19","EAR_EHRM_SEX_NB","SEX_T","2019",2.348,,"T30:77","R1:3513"
"ECU","BA:19","EAR_EHRM_SEX_NB","SEX_T","2018",2.308,,"T30:77","R1:3513"
"ECU","BA:19","EAR_EHRM_SEX_NB","SEX_T","2017",2.308,,"T30:77","R1:3513"
"ECU","BA:19","EAR_EHRM_SEX_NB","SEX_T","2016",2.227,,"T30:77","R1:3513"
"ECU","BA:19","EAR_EHRM_SEX_NB","SEX_T","2015",2.192,,"T30:77","R1:3513"
"ECU","BA:19","EAR_EHRM_SEX_NB","SEX_T","2014",2.077,,"T30:77","R1:3513"
"ECU","BA:19","EAR_EHRM_SEX_NB","SEX_T","2013",1.923,,"T30:77","R1:3513"
"EGY","BA:582","EAR_EHRM_SEX_NB","SEX_T","2024",23.489,"B","T30:15_I11:264","R1:3513"
"EGY","BA:582","EAR_EHRM_SEX_NB","SEX_T","2023",19.231,,"T30:15","R1:3513"
"EGY","BA:582","EAR_EHRM_SEX_NB","SEX_T","2022",15.385,,"T30:15","R1:3513"
"EGY","BA:582","EAR_EHRM_SEX_NB","SEX_T","2021",14.423,,"T30:15","R1:3513"
"EGY","BA:582","EAR_EHRM_SEX_NB","SEX_T","2020",13.846,,"T30:15","R1:3513"
"EGY","BA:582","EAR_EHRM_SEX_NB","SEX_T","2019",12.363,,"T30:15","R1:3513"
"EGY","BA:582","EAR_EHRM_SEX_NB","SEX_T","2018",10.577,,"T30:15","R1:3513"
"EGY","BA:582","EAR_EHRM_SEX_NB","SEX_T","2017",9.89,,"T30:15","R1:3513"
"EGY","BA:582","EAR_EHRM_SEX_NB","SEX_T","2016",8.774,"B","T30:15_I11:264","R1:3513"
"EGY","BA:582","EAR_EHRM_SEX_NB","SEX_T","2015",8.199,,"T30:15","R1:3513"
"EGY","BA:582","EAR_EHRM_SEX_NB","SEX_T","2013",6.25,,"T30:15","R1:3513"
"EGY","BA:582","EAR_EHRM_SEX_NB","SEX_T","2012",5.769,,"T30:15","R1:3513"
"EGY","BA:582","EAR_EHRM_SEX_NB","SEX_T","2011",4.014,,"T30:15","R1:3513"
"EGY","BA:582","EAR_EHRM_SEX_NB","SEX_T","2010",3.008,,"T30:15","R1:3513"
"EGY","BA:582","EAR_EHRM_SEX_NB","SEX_T","2009",0.32,,"T30:15","R1:3513"
"EGY","BA:582","EAR_EHRM_SEX_NB","SEX_T","2008",0.26,"B","T30:15_I11:264","R1:3513"
"ETH","BA:1126","EAR_EHRM_SEX_NB","SEX_T","2021",17.885,,"T30:17","R1:3513"
"ETH","BA:1126","EAR_EHRM_SEX_NB","SEX_T","2013",5.25,,"T30:17","R1:3513"
"ETH","BA:1126","EAR_EHRM_SEX_NB","SEX_T","2005",1.054,,"T30:17","R1:3513"
"FJI","BA:1135","EAR_EHRM_SEX_NB","SEX_T","2024",5.621,,"T30:214","R1:3513"
"FRA","BA:148","EAR_EHRM_SEX_NB","SEX_T","2024",12.826,,"T30:175","R1:3513"
"FRA","BA:148","EAR_EHRM_SEX_NB","SEX_T","2023",12.404,,"T30:175","R1:3513"
"FRA","BA:148","EAR_EHRM_SEX_NB","SEX_T","2022",11.757,,"T30:175","R1:3513"
"FRA","BA:148","EAR_EHRM_SEX_NB","SEX_T","2021",11.539,,"T30:175","R1:3513"
"FRA","BA:148","EAR_EHRM_SEX_NB","SEX_T","2020",11.719,,"T30:175","R1:3513"
"FRA","BA:148","EAR_EHRM_SEX_NB","SEX_T","2019",11.314,,"T30:175","R1:3513"
"FRA","BA:148","EAR_EHRM_SEX_NB","SEX_T","2018",10.997,,"T30:175","R1:3513"
"FRA","BA:148","EAR_EHRM_SEX_NB","SEX_T","2017",10.76,,"T30:175","R1:3513"
"FRA","BA:148","EAR_EHRM_SEX_NB","SEX_T","2016",10.675,,"T30:175","R1:3513"
"FRA","BA:148","EAR_EHRM_SEX_NB","SEX_T","2015",10.651,,"T30:175","R1:3513"
"FRA","BA:148","EAR_EHRM_SEX_NB","SEX_T","2014",10.654,,"T30:175","R1:3513"
"FRA","BA:148","EAR_EHRM_SEX_NB","SEX_T","2013",10.55,,"T30:175","R1:3513"
"FRA","BA:148","EAR_EHRM_SEX_NB","SEX_T","2012",10.385,,"T30:175","R1:3513"
"FRA","BA:148","EAR_EHRM_SEX_NB","SEX_T","2011",10.227,,"T30:175","R1:3513"
"FRA","BA:148","EAR_EHRM_SEX_NB","SEX_T","2010",9.951,,"T30:175","R1:3513"
"FRA","BA:148","EAR_EHRM_SEX_NB","SEX_T","2009",9.89,,"T30:175","R1:3513"
"FRA","BA:148","EAR_EHRM_SEX_NB","SEX_T","2008",9.68,,"T30:175","R1:3513"
"FRA","BA:148","EAR_EHRM_SEX_NB","SEX_T","2007",9.375,,"T30:175","R1:3513"
"FRA","BA:148","EAR_EHRM_SEX_NB","SEX_T","2006",9.172,,"T30:175","R1:3513"
"FRA","BA:148","EAR_EHRM_SEX_NB","SEX_T","2005",8.914,"B","T30:175_I11:264","R1:3513"
"GBR","BA:666","EAR_EHRM_SEX_NB","SEX_T","2025",17.3,,"T30:210","R1:3513"
"GBR","BA:666","EAR_EHRM_SEX_NB","SEX_T","2024",16.35,,"T30:210","R1:3513"
"GBR","BA:666","EAR_EHRM_SEX_NB","SEX_T","2023",15.625,,"T30:210","R1:3513"
"GBR","BA:666","EAR_EHRM_SEX_NB","SEX_T","2022",14.75,,"T30:210","R1:3513"
"GBR","BA:666","EAR_EHRM_SEX_NB","SEX_T","2021",14.265,,"T30:210","R1:3513"
"GBR","BA:666","EAR_EHRM_SEX_NB","SEX_T","2020",14.238,,"T30:210","R1:3513"
"GBR","BA:666","EAR_EHRM_SEX_NB","SEX_T","2018",12.167,,"T30:210","R1:3513"
"GBR","BA:666","EAR_EHRM_SEX_NB","SEX_T","2017",11.703,,"T30:210","R1:3513"
"GBR","BA:666","EAR_EHRM_SEX_NB","SEX_T","2016",11.406,,"T30:210","R1:3513"
"GBR","BA:666","EAR_EHRM_SEX_NB","SEX_T","2015",11.111,,"T30:210","R1:3513"
"GBR","BA:666","EAR_EHRM_SEX_NB","SEX_T","2014",11.041,,"T30:210","R1:3513"
"GBR","BA:666","EAR_EHRM_SEX_NB","SEX_T","2013",10.825,,"T30:210","R1:3513"
"GBR","BA:666","EAR_EHRM_SEX_NB","SEX_T","2012",10.689,,"T30:210","R1:3513"
"GBR","BA:666","EAR_EHRM_SEX_NB","SEX_T","2011",10.524,,"T30:210","R1:3513"
"GBR","BA:666","EAR_EHRM_SEX_NB","SEX_T","2010",10.325,,"T30:210","R1:3513"
"GBR","BA:666","EAR_EHRM_SEX_NB","SEX_T","2009",10.132,,"T30:210","R1:3513"
"GBR","BA:666","EAR_EHRM_SEX_NB","SEX_T","2008",10,,"T30:210","R1:3513"
"GBR","BA:666","EAR_EHRM_SEX_NB","SEX_T","2007",9.613,,"T30:210","R1:3513"
"GBR","BA:666","EAR_EHRM_SEX_NB","SEX_T","2006",9.24,,"T30:210","R1:3513"
"GBR","BA:666","EAR_EHRM_SEX_NB","SEX_T","2005",8.902,"B","T30:210_I11:264","R1:3513"
"GBR","BA:666","EAR_EHRM_SEX_NB","SEX_T","2003",8.182,,"T30:210","R1:3513"
"GBR","BA:666","EAR_EHRM_SEX_NB","SEX_T","2002",7.979,,"T30:210","R1:3513"
"GBR","BA:666","EAR_EHRM_SEX_NB","SEX_T","2001",7.65,,"T30:210","R1:3513"
"GBR","BA:666","EAR_EHRM_SEX_NB","SEX_T","2000",7.189,,"T30:210","R1:3513"
"GHA","BB:16203","EAR_EHRM_SEX_NB","SEX_T","2024",10.529,,"T30:20","R1:3513"
"GHA","BB:16203","EAR_EHRM_SEX_NB","SEX_T","2023",8.335,,"T30:20","R1:3513"
"GHA","BB:16203","EAR_EHRM_SEX_NB","SEX_T","2022",6.787,,"T30:20","R1:3513"
"GHA","BB:3078","EAR_EHRM_SEX_NB","SEX_T","2017",3.297,"B","T30:20_I11:264","R1:3513"
"GHA","BA:1163","EAR_EHRM_SEX_NB","SEX_T","2015",3.462,"B","T30:20_I11:264","R1:3513"
"GHA","BB:3078","EAR_EHRM_SEX_NB","SEX_T","2013",1.731,"B","T30:20_I11:264","R1:3513"
"GHA","BB:3078","EAR_EHRM_SEX_NB","SEX_T","2006",3571.429,"B","T30:291_I11:264","R1:3513"
"GMB","BA:7014","EAR_EHRM_SEX_NB","SEX_T","2018",17.152,"B","T30:19_I11:264","R1:3513"
"GMB","BA:7014","EAR_EHRM_SEX_NB","SEX_T","2012",10.302,"B","T30:19_I11:264","R1:3513"
"GNQ","BB:16937","EAR_EHRM_SEX_NB","SEX_T","2023",961.538,,"T30:21","R1:3513"
"GRC","BA:317","EAR_EHRM_SEX_NB","SEX_T","2020",5.048,,"T30:178","R1:3513"
"GRC","BA:317","EAR_EHRM_SEX_NB","SEX_T","2019",4.904,,"T30:178","R1:3513"
"GRC","BA:317","EAR_EHRM_SEX_NB","SEX_T","2018",4.904,,"T30:178","R1:3513"
"GRC","BA:317","EAR_EHRM_SEX_NB","SEX_T","2017",4.808,,"T30:178","R1:3513"
"GRC","BA:317","EAR_EHRM_SEX_NB","SEX_T","2016",4.846,,"T30:178","R1:3513"
"GRC","BA:317","EAR_EHRM_SEX_NB","SEX_T","2015",4.904,,"T30:178","R1:3513"
"GTM","BA:660","EAR_EHRM_SEX_NB","SEX_T","2025",15.79,,"T30:83","R1:3513"
"GTM","BA:660","EAR_EHRM_SEX_NB","SEX_T","2024",14.652,"B","T30:83_I11:264","R1:3513"
"GTM","BB:16732","EAR_EHRM_SEX_NB","SEX_T","2023",10.615,,"T30:83","R1:3513"
"GUY","BA:1214","EAR_EHRM_SEX_NB","SEX_T","2024",576.923,,"T30:84","R1:3513"
"GUY","BA:1214","EAR_EHRM_SEX_NB","SEX_T","2021",403.846,,"T30:84","R1:3513"
"GUY","BA:1214","EAR_EHRM_SEX_NB","SEX_T","2020",384.615,,"T30:84","R1:3513"
"GUY","BA:1214","EAR_EHRM_SEX_NB","SEX_T","2019",375.383,,"T30:84","R1:3513"
"GUY","BA:1214","EAR_EHRM_SEX_NB","SEX_T","2018",346.154,"B","T30:84_I11:264","R1:3513"
"HND","BX:504","EAR_EHRM_SEX_NB","SEX_T","2025",46.154,,"T30:87","R1:3513_S3:9"
"HND","BX:504","EAR_EHRM_SEX_NB","SEX_T","2024",43.269,,"T30:87","R1:3513_S3:9"
"HND","BX:504","EAR_EHRM_SEX_NB","SEX_T","2023",38.462,,"T30:87","R1:3513_S3:9"
"HND","BX:504","EAR_EHRM_SEX_NB","SEX_T","2022",42.033,,"T30:87","R1:3513_S3:9"
"HND","BX:504","EAR_EHRM_SEX_NB","SEX_T","2021",35.897,,"T30:87","R1:3513_S3:9"
"HND","BX:504","EAR_EHRM_SEX_NB","SEX_T","2020",34.406,"B","T30:87_I11:264","R1:3513_S3:9"
"HND","BX:504","EAR_EHRM_SEX_NB","SEX_T","2019",30.21,,"T30:87","R1:3513_S3:9"
"HND","BX:504","EAR_EHRM_SEX_NB","SEX_T","2018",25.962,"B","T30:87_I11:264","R1:3513_S3:9"
"HND","BX:504","EAR_EHRM_SEX_NB","SEX_T","2017",27.692,,"T30:87","R1:3513_S3:9"
"HND","BX:504","EAR_EHRM_SEX_NB","SEX_T","2016",28.315,,"T30:87","R1:3513"
"HND","BX:504","EAR_EHRM_SEX_NB","SEX_T","2015",26.923,,"T30:87","R1:3513"
"HND","BX:504","EAR_EHRM_SEX_NB","SEX_T","2014",26.923,,"T30:87","R1:3513"
"HND","BX:504","EAR_EHRM_SEX_NB","SEX_T","2013",25,,"T30:87","R1:3513"
"HND","BX:504","EAR_EHRM_SEX_NB","SEX_T","2012",27.778,,"T30:87","R1:3513"
"HND","BX:504","EAR_EHRM_SEX_NB","SEX_T","2011",26.667,,"T30:87","R1:3513"
"HND","BX:504","EAR_EHRM_SEX_NB","SEX_T","2010",25.568,,"T30:87","R1:3513"
"HND","BX:504","EAR_EHRM_SEX_NB","SEX_T","2009",24.5,,"T30:87","R1:3513"
"HND","BX:504","EAR_EHRM_SEX_NB","SEX_T","2008",20.833,"B","T30:87_I11:264","R1:3513"
"HND","BX:504","EAR_EHRM_SEX_NB","SEX_T","2007",17.5,,"T30:87","R1:3513"
"HND","BX:504","EAR_EHRM_SEX_NB","SEX_T","2006",15.909,,"T30:87","R1:3513"
"HND","BX:504","EAR_EHRM_SEX_NB","SEX_T","2005",14,"B","T30:87_I11:264","R1:3513"
"IDN","BA:510","EAR_EHRM_SEX_NB","SEX_T","2023",12169.659,,"T30:122","R1:3513"
"IDN","BA:510","EAR_EHRM_SEX_NB","SEX_T","2022",11782.79,,"T30:122","R1:3513"
"IDN","BA:510","EAR_EHRM_SEX_NB","SEX_T","2021",11538.462,"B","T30:122_I11:264","R1:3513"
"IDN","BA:510","EAR_EHRM_SEX_NB","SEX_T","2020",11352.304,,"T30:122","R1:3513"
"IDN","BA:510","EAR_EHRM_SEX_NB","SEX_T","2019",11038.697,,"T30:122","R1:3513"
"IDN","BA:510","EAR_EHRM_SEX_NB","SEX_T","2018",10207.118,,"T30:122","R1:3513"
"IDN","BA:510","EAR_EHRM_SEX_NB","SEX_T","2017",9713.455,,"T30:122","R1:3513"
"IDN","BA:510","EAR_EHRM_SEX_NB","SEX_T","2016",8693.901,,"T30:122","R1:3513"
"IDN","BA:510","EAR_EHRM_SEX_NB","SEX_T","2015",6767.813,,"T30:122","R1:3513"
"IDN","BA:510","EAR_EHRM_SEX_NB","SEX_T","2014",6405.125,,"T30:122","R1:3513"
"IDN","BA:510","EAR_EHRM_SEX_NB","SEX_T","2013",6123.478,"B","T30:122_I11:264","R1:3513"
"IDN","BA:510","EAR_EHRM_SEX_NB","SEX_T","2012",5293.52,,"T30:122","R1:3513"
"IDN","BA:510","EAR_EHRM_SEX_NB","SEX_T","2011",4837.975,,"T30:122","R1:3513"
"IDN","BA:510","EAR_EHRM_SEX_NB","SEX_T","2010",5054.142,,"T30:122","R1:3513"
"IDN","BA:510","EAR_EHRM_SEX_NB","SEX_T","2009",4735.581,,"T30:122","R1:3513"
"IDN","BA:510","EAR_EHRM_SEX_NB","SEX_T","2008",4204.603,"B","T30:122_I11:264","R1:3513"
"IDN","BA:510","EAR_EHRM_SEX_NB","SEX_T","2007",4038.462,,"T30:122","R1:3513"
"IDN","BA:510","EAR_EHRM_SEX_NB","SEX_T","2006",3846.154,,"T30:122","R1:3513"
"IDN","BA:510","EAR_EHRM_SEX_NB","SEX_T","2005",3461.539,,"T30:122","R1:3513"
"IDN","BA:510","EAR_EHRM_SEX_NB","SEX_T","2004",3365.385,,"T30:122","R1:3513"
"IDN","BA:510","EAR_EHRM_SEX_NB","SEX_T","2003",3317.308,,"T30:122","R1:3513"
"IDN","BA:510","EAR_EHRM_SEX_NB","SEX_T","2002",2884.616,,"T30:122","R1:3513"
"IDN","BA:510","EAR_EHRM_SEX_NB","SEX_T","2001",2307.692,,"T30:122","R1:3513"
"IDN","BA:510","EAR_EHRM_SEX_NB","SEX_T","2000",1755.853,,"T30:122","R1:3513"
"IND","BA:14121","EAR_EHRM_SEX_NB","SEX_T","2025",61.813,,"T30:121","R1:3513"
"IND","BA:14121","EAR_EHRM_SEX_NB","SEX_T","2024",57.692,,"T30:121","R1:3513"
"IND","BA:14121","EAR_EHRM_SEX_NB","SEX_T","2023",53.571,,"T30:121","R1:3513"
"IND","BA:14121","EAR_EHRM_SEX_NB","SEX_T","2022",49.588,,"T30:121","R1:3513"
"IND","BA:14121","EAR_EHRM_SEX_NB","SEX_T","2021",48.092,,"T30:121","R1:3513"
"IND","BA:14121","EAR_EHRM_SEX_NB","SEX_T","2020",43.929,,"T30:121","R1:3513"
"IND","BA:14121","EAR_EHRM_SEX_NB","SEX_T","2019",41.209,,"T30:121","R1:3513"
"IND","BA:14121","EAR_EHRM_SEX_NB","SEX_T","2018",41.209,,"T30:121","R1:3513"
"ITA","BA:325","EAR_EHRM_SEX_NB","SEX_T","2020",8.654,,"T30:184","R1:3513"
"ITA","BA:325","EAR_EHRM_SEX_NB","SEX_T","2019",8.461,,"T30:184","R1:3513"
"ITA","BA:325","EAR_EHRM_SEX_NB","SEX_T","2018",8.333,,"T30:184","R1:3513"
"ITA","BA:325","EAR_EHRM_SEX_NB","SEX_T","2017",8.308,,"T30:184","R1:3513"
"ITA","BA:325","EAR_EHRM_SEX_NB","SEX_T","2016",8.192,,"T30:184","R1:3513"
"ITA","BA:325","EAR_EHRM_SEX_NB","SEX_T","2015",8.189,,"T30:184","R1:3513"
"ITA","BA:325","EAR_EHRM_SEX_NB","SEX_T","2014",8.077,,"T30:184","R1:3513"
"ITA","BA:325","EAR_EHRM_SEX_NB","SEX_T","2013",7.885,,"T30:184","R1:3513"
"ITA","BA:325","EAR_EHRM_SEX_NB","SEX_T","2012",7.731,,"T30:184","R1:3513"
"ITA","BA:325","EAR_EHRM_SEX_NB","SEX_T","2011",7.692,,"T30:184","R1:3513"
"ITA","BA:325","EAR_EHRM_SEX_NB","SEX_T","2010",7.5,,"T30:184","R1:3513"
"ITA","BA:325","EAR_EHRM_SEX_NB","SEX_T","2009",7.5,,"T30:184","R1:3513"
"ITA","BA:325","EAR_EHRM_SEX_NB","SEX_T","2008",7.212,"B","T30:184_I11:264","R1:3513"
"JAM","BA:65","EAR_EHRM_SEX_NB","SEX_T","2014",110.433,,"T30:88","R1:3513"
"JAM","BA:65","EAR_EHRM_SEX_NB","SEX_T","2013",107.14,,"T30:88","R1:3513"
"JAM","BA:65","EAR_EHRM_SEX_NB","SEX_T","2012",100,,"T30:88","R1:3513"
"JAM","BA:65","EAR_EHRM_SEX_NB","SEX_T","2011",110.959,,"T30:88","R1:3513"
"JAM","BA:65","EAR_EHRM_SEX_NB","SEX_T","2010",101.715,,"T30:88","R1:3513"
"JAM","BA:65","EAR_EHRM_SEX_NB","SEX_T","2009",99.975,,"T30:88","R1:3513"
"JAM","BA:65","EAR_EHRM_SEX_NB","SEX_T","2008",114.188,,"T30:88","R1:3513"
"JOR","BA:682","EAR_EHRM_SEX_NB","SEX_T","2024",1.442,,"T30:127","R1:3513"
"JOR","BA:682","EAR_EHRM_SEX_NB","SEX_T","2023",1.442,,"T30:127","R1:3513"
"JOR","BA:682","EAR_EHRM_SEX_NB","SEX_T","2022",1.442,,"T30:127","R1:3513"
"JOR","BA:682","EAR_EHRM_SEX_NB","SEX_T","2021",1.442,,"T30:127","R1:3513"
"JOR","BA:682","EAR_EHRM_SEX_NB","SEX_T","2020",1.429,,"T30:127","R1:3513"
"JOR","BA:682","EAR_EHRM_SEX_NB","SEX_T","2019",1.442,,"T30:127","R1:3513"
"JOR","BA:682","EAR_EHRM_SEX_NB","SEX_T","2018",1.593,,"T30:127","R1:3513"
"JOR","BA:682","EAR_EHRM_SEX_NB","SEX_T","2017",1.667,"B","T30:127_I11:264","R1:3513"
"KEN","BX:3465","EAR_EHRM_SEX_NB","SEX_T","2019",27.057,,"T30:24","R1:3513"
"KEN","BB:7021","EAR_EHRM_SEX_NB","SEX_T","2016",41.667,,"T30:24","R1:3513"
"KEN","BB:7021","EAR_EHRM_SEX_NB","SEX_T","2005",19.78,"B","T30:24_I11:264","R1:3513"
"KHM","BA:1321","EAR_EHRM_SEX_NB","SEX_T","2025",4945.055,,"T30:117","R1:3513"
"KHM","BB:3064","EAR_EHRM_SEX_NB","SEX_T","2023",4807.693,,"T30:117","R1:3513"
"KHM","BB:3064","EAR_EHRM_SEX_NB","SEX_T","2021",4532.967,,"T30:117","R1:3513"
"KHM","BB:3064","EAR_EHRM_SEX_NB","SEX_T","2020",4235.153,,"T30:117","R1:3513"
"KHM","BA:1321","EAR_EHRM_SEX_NB","SEX_T","2019",4166.667,"B","T30:117_I11:264","R1:3513"
"KHM","BB:3064","EAR_EHRM_SEX_NB","SEX_T","2016",3022.514,,"T30:117","R1:3513"
"KHM","BB:3064","EAR_EHRM_SEX_NB","SEX_T","2015",2500,,"T30:117","R1:3513"
"KHM","BB:3064","EAR_EHRM_SEX_NB","SEX_T","2014",2307.692,,"T30:117","R1:3513"
"KHM","BB:3064","EAR_EHRM_SEX_NB","SEX_T","2013",1880.342,,"T30:117","R1:3513"
"KHM","BA:1321","EAR_EHRM_SEX_NB","SEX_T","2012",1880.151,"B","T30:117_I11:264","R1:3513"
"KHM","BB:3064","EAR_EHRM_SEX_NB","SEX_T","2011",1538.462,,"T30:117","R1:3513"
"KHM","BB:3064","EAR_EHRM_SEX_NB","SEX_T","2010",1384.616,,"T30:117","R1:3513"
"KHM","BB:3064","EAR_EHRM_SEX_NB","SEX_T","2009",1236.264,,"T30:117","R1:3513"
"KHM","BB:3064","EAR_EHRM_SEX_NB","SEX_T","2008",1153.846,,"T30:117","R1:3513"
"KHM","BB:3064","EAR_EHRM_SEX_NB","SEX_T","2007",989.011,"B","T30:117_I11:264","R1:3513"
"KHM","BB:3064","EAR_EHRM_SEX_NB","SEX_T","2003",729.259,,"T30:117","R1:3513"
"KHM","BA:1321","EAR_EHRM_SEX_NB","SEX_T","2001",600.959,,"T30:117","R1:3513"
"KHM","BA:1321","EAR_EHRM_SEX_NB","SEX_T","2000",600.959,"B","T30:117_I11:264","R1:3513"
"KIR","BB:15723","EAR_EHRM_SEX_NB","SEX_T","2023",2.837,,"T30:217","R1:3513"
"KOS","BB:16127","EAR_EHRM_SEX_NB","SEX_T","2000",1.731,,"T30:186","R1:3513"
"LAO","BA:6651","EAR_EHRM_SEX_NB","SEX_T","2022",10673.078,"B","T30:133_I11:264","R1:3513"
"LAO","BA:6651","EAR_EHRM_SEX_NB","SEX_T","2017",9807.693,"B","T30:133_I11:264","R1:3513"
"LAO","BA:6651","EAR_EHRM_SEX_NB","SEX_T","2010",4038.462,"B","T30:133_I11:264","R1:3513"
"LBN","BA:14074","EAR_EHRM_SEX_NB","SEX_T","2019",4707.693,"B","T30:134_I11:264","R1:3513"
"LBR","BA:16","EAR_EHRM_SEX_NB","SEX_T","2017",0.601,"B","T30:384_I11:264","R1:3513"
"LBR","BB:7322","EAR_EHRM_SEX_NB","SEX_T","2016",0.923,,"T30:384","R1:3513"
"LBR","BB:7322","EAR_EHRM_SEX_NB","SEX_T","2014",0.721,"B","T30:384_I11:264","R1:3513"
"LBR","BA:16","EAR_EHRM_SEX_NB","SEX_T","2010",0.481,"B","T30:384_I11:264","R1:3513"
"LKA","BA:1359","EAR_EHRM_SEX_NB","SEX_T","2024",216.346,,"T30:147","R1:3513"
"LKA","BA:1359","EAR_EHRM_SEX_NB","SEX_T","2023",201.923,,"T30:147","R1:3513"
"LKA","BA:1359","EAR_EHRM_SEX_NB","SEX_T","2022",188.034,,"T30:147","R1:3513"
"LKA","BA:1359","EAR_EHRM_SEX_NB","SEX_T","2021",173.077,,"T30:147","R1:3513"
"LKA","BA:1359","EAR_EHRM_SEX_NB","SEX_T","2020",162.38,,"T30:147","R1:3513"
"LKA","BA:1359","EAR_EHRM_SEX_NB","SEX_T","2019",149.573,,"T30:147","R1:3513"
"LKA","BA:1359","EAR_EHRM_SEX_NB","SEX_T","2018",132.692,,"T30:147","R1:3513"
"LKA","BA:1359","EAR_EHRM_SEX_NB","SEX_T","2017",119.658,,"T30:147","R1:3513"
"LKA","BA:1359","EAR_EHRM_SEX_NB","SEX_T","2016",114.231,,"T30:147","R1:3513"
"LKA","BA:1359","EAR_EHRM_SEX_NB","SEX_T","2015",98.901,,"T30:147","R1:3513"
"LKA","BA:1359","EAR_EHRM_SEX_NB","SEX_T","2014",90.301,,"T30:147","R1:3513"
"LKA","BA:1359","EAR_EHRM_SEX_NB","SEX_T","2013",80.961,,"T30:147","R1:3513"
"LKA","BA:1359","EAR_EHRM_SEX_NB","SEX_T","2011",66.346,"B","T30:147_I11:264","R1:3513"
"LKA","BA:1359","EAR_EHRM_SEX_NB","SEX_T","2010",57.692,"B","T30:147_I11:264","R1:3513"
"LSO","BA:13","EAR_EHRM_SEX_NB","SEX_T","2024",6.665,,"T30:25","R1:3513"
"LSO","BA:13","EAR_EHRM_SEX_NB","SEX_T","2019",9.231,,"T30:25","R1:3513"
"MDA","BA:571","EAR_EHRM_SEX_NB","SEX_T","2025",42.692,,"T30:193","R1:3513"
"MDA","BA:571","EAR_EHRM_SEX_NB","SEX_T","2024",36.923,,"T30:193","R1:3513"
"MDA","BA:571","EAR_EHRM_SEX_NB","SEX_T","2023",32.885,,"T30:193","R1:3513"
"MDA","BA:571","EAR_EHRM_SEX_NB","SEX_T","2022",28.846,,"T30:193","R1:3513"
"MDA","BA:571","EAR_EHRM_SEX_NB","SEX_T","2021",25.962,,"T30:193","R1:3513"
"MDA","BA:571","EAR_EHRM_SEX_NB","SEX_T","2020",23.654,,"T30:193","R1:3513"
"MDA","BA:571","EAR_EHRM_SEX_NB","SEX_T","2019",21.923,,"T30:193","R1:3513"
"MDA","BA:571","EAR_EHRM_SEX_NB","SEX_T","2018",18.462,,"T30:193","R1:3513"
"MDA","BA:571","EAR_EHRM_SEX_NB","SEX_T","2017",16.154,,"T30:193","R1:3513"
"MDA","BA:571","EAR_EHRM_SEX_NB","SEX_T","2016",15,,"T30:193","R1:3513"
"MDA","BA:571","EAR_EHRM_SEX_NB","SEX_T","2015",14.423,,"T30:193","R1:3513"
"MDA","BA:571","EAR_EHRM_SEX_NB","SEX_T","2014",12.981,,"T30:193","R1:3513"
"MDA","BA:571","EAR_EHRM_SEX_NB","SEX_T","2013",12.404,,"T30:193","R1:3513"
"MDA","BA:571","EAR_EHRM_SEX_NB","SEX_T","2012",11.539,,"T30:193","R1:3513"
"MDA","BA:571","EAR_EHRM_SEX_NB","SEX_T","2011",10.548,,"T30:193","R1:3513"
"MDA","BA:571","EAR_EHRM_SEX_NB","SEX_T","2010",9.945,,"T30:193","R1:3513"
"MDA","BA:571","EAR_EHRM_SEX_NB","SEX_T","2009",9.231,,"T30:193","R1:3513"
"MDA","BA:571","EAR_EHRM_SEX_NB","SEX_T","2008",8.654,,"T30:193","R1:3513"
"MDA","BA:571","EAR_EHRM_SEX_NB","SEX_T","2007",6.923,,"T30:193","R1:3513"
"MDG","BA:7423","EAR_EHRM_SEX_NB","SEX_T","2015",776.502,,"T30:28","R1:3513"
"MDG","BA:7423","EAR_EHRM_SEX_NB","SEX_T","2012",541.325,"B","T30:28_I11:264","R1:3513"
"MDV","BB:704","EAR_EHRM_SEX_NB","SEX_T","2019",49.451,,"T30:137","R1:3513"
"MDV","BB:704","EAR_EHRM_SEX_NB","SEX_T","2016",45.33,"B","T30:137_I11:264","R1:3513"
"MEX","BA:463","EAR_EHRM_SEX_NB","SEX_T","2025",47.914,,"T30:90","R1:3513"
"MEX","BA:463","EAR_EHRM_SEX_NB","SEX_T","2024",43.344,,"T30:90","R1:3513"
"MEX","BA:463","EAR_EHRM_SEX_NB","SEX_T","2023",39.242,,"T30:90","R1:3513"
"MEX","BA:463","EAR_EHRM_SEX_NB","SEX_T","2022",35.369,,"T30:90","R1:3513"
"MEX","BA:463","EAR_EHRM_SEX_NB","SEX_T","2021",32.633,,"T30:90","R1:3513"
"MEX","BA:463","EAR_EHRM_SEX_NB","SEX_T","2020",30.728,"B","T30:90_I11:264","R1:3513"
"MEX","BA:463","EAR_EHRM_SEX_NB","SEX_T","2019",28.774,,"T30:90","R1:3513"
"MEX","BA:463","EAR_EHRM_SEX_NB","SEX_T","2018",26.889,,"T30:90","R1:3513"
"MEX","BA:463","EAR_EHRM_SEX_NB","SEX_T","2017",25.015,,"T30:90","R1:3513"
"MEX","BA:463","EAR_EHRM_SEX_NB","SEX_T","2016",24.477,,"T30:90","R1:3513"
"MEX","BA:463","EAR_EHRM_SEX_NB","SEX_T","2015",22.93,,"T30:90","R1:3513"
"MEX","BA:463","EAR_EHRM_SEX_NB","SEX_T","2014",22.177,,"T30:90","R1:3513"
"MEX","BA:463","EAR_EHRM_SEX_NB","SEX_T","2013",21.931,,"T30:90","R1:3513"
"MEX","BA:463","EAR_EHRM_SEX_NB","SEX_T","2012",21.078,,"T30:90","R1:3513"
"MEX","BA:463","EAR_EHRM_SEX_NB","SEX_T","2011",20.633,,"T30:90","R1:3513"
"MEX","BA:463","EAR_EHRM_SEX_NB","SEX_T","2010",19.846,,"T30:90","R1:3513"
"MEX","BA:463","EAR_EHRM_SEX_NB","SEX_T","2009",19.846,,"T30:90","R1:3513"
"MEX","BA:463","EAR_EHRM_SEX_NB","SEX_T","2008",19.669,,"T30:90","R1:3513"
"MEX","BA:463","EAR_EHRM_SEX_NB","SEX_T","2007",18.862,"B","T30:90_I11:264","R1:3513"
"MEX","BA:463","EAR_EHRM_SEX_NB","SEX_T","2006",17.422,,"T30:90","R1:3513"
"MEX","BA:463","EAR_EHRM_SEX_NB","SEX_T","2005",16.317,"B","T30:90_I11:264","R1:3513"
"MEX","BA:463","EAR_EHRM_SEX_NB","SEX_T","2004",16.026,,"T30:90","R1:3513"
"MEX","BA:463","EAR_EHRM_SEX_NB","SEX_T","2003",15.266,,"T30:90","R1:3513"
"MEX","BA:463","EAR_EHRM_SEX_NB","SEX_T","2002",14.423,"B","T30:90_I11:264","R1:3513"
"MHL","BB:14101","EAR_EHRM_SEX_NB","SEX_T","2019",3.33,,"T30:218","R1:3513"
"MLI","BA:219","EAR_EHRM_SEX_NB","SEX_T","2024",395.604,,"T30:30","R1:3513"
"MLI","BA:219","EAR_EHRM_SEX_NB","SEX_T","2023",346.154,,"T30:30","R1:3513"
"MLI","BA:219","EAR_EHRM_SEX_NB","SEX_T","2022",309.066,,"T30:30","R1:3513"
"MLI","BA:219","EAR_EHRM_SEX_NB","SEX_T","2020",298.041,,"T30:30","R1:3513"
"MLI","BA:219","EAR_EHRM_SEX_NB","SEX_T","2018",240.385,,"T30:30","R1:3513"
"MLI","BA:219","EAR_EHRM_SEX_NB","SEX_T","2017",247.253,,"T30:30","R1:3513"
"MLI","BA:219","EAR_EHRM_SEX_NB","SEX_T","2016",235.479,,"T30:30","R1:3513"
"MLI","BA:219","EAR_EHRM_SEX_NB","SEX_T","2015",256.41,,"T30:30","R1:3513"
"MLI","BA:219","EAR_EHRM_SEX_NB","SEX_T","2014",263.736,"B","T30:30_I11:264","R1:3513"
"MLI","BA:219","EAR_EHRM_SEX_NB","SEX_T","2013",192.308,"B","T30:30_I11:264","R1:3513"
"MMR","BA:7009","EAR_EHRM_SEX_NB","SEX_T","2020",865.385,,"T30:139","R1:3513_S3:6"
"MMR","BA:7009","EAR_EHRM_SEX_NB","SEX_T","2019",989.011,,"T30:139","R1:3513"
"MMR","BA:7009","EAR_EHRM_SEX_NB","SEX_T","2018",888.537,,"T30:139","R1:3513"
"MMR","BA:7009","EAR_EHRM_SEX_NB","SEX_T","2017",750,"B","T30:139_I11:264","R1:3513"
"MMR","BA:7009","EAR_EHRM_SEX_NB","SEX_T","2015",453.297,"B","T30:139_I11:264","R1:3513"
"MNG","BA:702","EAR_EHRM_SEX_NB","SEX_T","2025",9615.385,,"T30:138","R1:3513"
"MNG","BA:702","EAR_EHRM_SEX_NB","SEX_T","2024",7692.308,,"T30:138","R1:3513"
"MNG","BA:702","EAR_EHRM_SEX_NB","SEX_T","2023",5769.231,,"T30:138","R1:3513"
"MNG","BA:702","EAR_EHRM_SEX_NB","SEX_T","2022",4615.385,,"T30:138","R1:3513"
"MNG","BA:702","EAR_EHRM_SEX_NB","SEX_T","2021",4161.597,,"T30:138","R1:3513"
"MNG","BA:702","EAR_EHRM_SEX_NB","SEX_T","2020",3846.154,,"T30:138","R1:3513"
"MNG","BA:702","EAR_EHRM_SEX_NB","SEX_T","2019",3461.539,"B","T30:138_I11:264","R1:3513"
"MOZ","BB:8363","EAR_EHRM_SEX_NB","SEX_T","2022",36.713,,"T30:34","R1:3513"
"MRT","BB:16077","EAR_EHRM_SEX_NB","SEX_T","2019",230.769,,"T30:398","R1:3513"
"MUS","BA:82","EAR_EHRM_SEX_NB","SEX_T","2024",147.629,,"T30:33","R1:3513_T2:85"
"MUS","BA:82","EAR_EHRM_SEX_NB","SEX_T","2023",103.846,,"T30:33","R1:3513_T2:85"
"MUS","BA:82","EAR_EHRM_SEX_NB","SEX_T","2022",103.846,,"T30:33","R1:3513_T2:85"
"MUS","BA:82","EAR_EHRM_SEX_NB","SEX_T","2021",92.308,,"T30:33","R1:3513_T2:85"
"MUS","BA:82","EAR_EHRM_SEX_NB","SEX_T","2019",88.929,,"T30:33","R1:3513_T2:85"
"MUS","BA:82","EAR_EHRM_SEX_NB","SEX_T","2018",96.154,,"T30:33","R1:3513_T2:85"
"MUS","BA:82","EAR_EHRM_SEX_NB","SEX_T","2017",85.714,,"T30:33","R1:3513_T2:85"
"MUS","BA:82","EAR_EHRM_SEX_NB","SEX_T","2016",83.077,,"T30:33","R1:3513_T2:85"
"MUS","BA:82","EAR_EHRM_SEX_NB","SEX_T","2015",80.94,,"T30:33","R1:3513_T2:85"
"MUS","BA:82","EAR_EHRM_SEX_NB","SEX_T","2014",76.923,,"T30:33","R1:3513_T2:85"
"MUS","BA:82","EAR_EHRM_SEX_NB","SEX_T","2013",68.182,,"T30:33","R1:3513_T2:85"
"MUS","BA:82","EAR_EHRM_SEX_NB","SEX_T","2012",63.462,,"T30:33","R1:3513_T2:85"
"MUS","BA:82","EAR_EHRM_SEX_NB","SEX_T","2011",57.692,,"T30:33","R1:3513_T2:85"
"MUS","BA:82","EAR_EHRM_SEX_NB","SEX_T","2010",57.692,,"T30:33","R1:3513_T2:85"
"MUS","BA:82","EAR_EHRM_SEX_NB","SEX_T","2009",51.282,,"T30:33","R1:3513_T2:85"
"MUS","BA:82","EAR_EHRM_SEX_NB","SEX_T","2008",47.021,,"T30:33","R1:3513_T2:85"
"MUS","BA:82","EAR_EHRM_SEX_NB","SEX_T","2007",43.208,,"T30:33","R1:3513_T2:85"
"MUS","BA:82","EAR_EHRM_SEX_NB","SEX_T","2006",40.134,,"T30:33","R1:3513_T2:85"
"MUS","BA:82","EAR_EHRM_SEX_NB","SEX_T","2005",38.462,,"T30:33","R1:3513_T2:85"
"MUS","BA:82","EAR_EHRM_SEX_NB","SEX_T","2004",35.385,,"T30:33","R1:3513_T2:85"
"MUS","BA:82","EAR_EHRM_SEX_NB","SEX_T","2003",34.615,"B","T30:33_I11:264","R1:3513_T2:85"
"MUS","BA:82","EAR_EHRM_SEX_NB","SEX_T","2002",31.731,,"T30:33","R1:3513_T2:85"
"MUS","BA:82","EAR_EHRM_SEX_NB","SEX_T","2001",30.022,"B","T30:33_I11:264","R1:3513_T2:85"
"MWI","BA:1448","EAR_EHRM_SEX_NB","SEX_T","2013",83.077,"B","T30:29_I11:264","R1:3513"
"NAM","BA:1468","EAR_EHRM_SEX_NB","SEX_T","2018",13.846,,"T30:35","R1:3513"
"NAM","BA:1468","EAR_EHRM_SEX_NB","SEX_T","2016",13.469,,"T30:35","R1:3513"
"NAM","BA:1468","EAR_EHRM_SEX_NB","SEX_T","2014",12.019,,"T30:35","R1:3513"
"NAM","BA:1468","EAR_EHRM_SEX_NB","SEX_T","2013",12.019,,"T30:35","R1:3513"
"NAM","BA:1468","EAR_EHRM_SEX_NB","SEX_T","2012",11.539,"B","T30:35_I11:264","R1:3513"
"NCL","BA:15961","EAR_EHRM_SEX_NB","SEX_T","2017",1183.432,,"T30:224","R1:3513"
"NGA","BX:7338","EAR_EHRM_SEX_NB","SEX_T","2024",323.077,,"T30:37","R1:3513"
"NGA","BB:16750","EAR_EHRM_SEX_NB","SEX_T","2019",144.231,,"T30:37","R1:3513"
"NGA","BX:7338","EAR_EHRM_SEX_NB","SEX_T","2013",193.802,,"T30:37","R1:3513"
"NGA","BX:7338","EAR_EHRM_SEX_NB","SEX_T","2011",123.626,"B","T30:37_I11:264","R1:3513"
"NIC","BA:692","EAR_EHRM_SEX_NB","SEX_T","2012",16.686,"B","T30:93_I11:264","R1:3513"
"NIC","BB:5868","EAR_EHRM_SEX_NB","SEX_T","2005",8.361,,"T30:93","R1:3513"
"NPL","BA:1510","EAR_EHRM_SEX_NB","SEX_T","2017",87.633,"B","T30:140_I11:264","R1:3513"
"NPL","BA:1510","EAR_EHRM_SEX_NB","SEX_T","2008",24.725,"B","T30:140_I11:264","R1:3513"
"PAK","BA:538","EAR_EHRM_SEX_NB","SEX_T","2025",124.904,,"T30:142","R1:3513_S3:26"
"PAK","BA:538","EAR_EHRM_SEX_NB","SEX_T","2021",87.5,,"T30:142","R1:3513_S3:26"
"PAK","BA:538","EAR_EHRM_SEX_NB","SEX_T","2019",76.923,,"T30:142","R1:3513_S3:26"
"PAK","BA:538","EAR_EHRM_SEX_NB","SEX_T","2018",70.37,,"T30:142","R1:3513_S3:26"
"PAK","BA:538","EAR_EHRM_SEX_NB","SEX_T","2015",52.747,,"T30:142","R1:3513"
"PAK","BA:538","EAR_EHRM_SEX_NB","SEX_T","2014",46.154,,"T30:142","R1:3513"
"PAK","BA:538","EAR_EHRM_SEX_NB","SEX_T","2013",42.735,"B","T30:142_I11:264","R1:3513"
"PAK","BA:538","EAR_EHRM_SEX_NB","SEX_T","2011",34.615,,"T30:142","R1:3513"
"PAK","BA:538","EAR_EHRM_SEX_NB","SEX_T","2010",31.25,,"T30:142","R1:3513"
"PAK","BA:538","EAR_EHRM_SEX_NB","SEX_T","2009",28.258,,"T30:142","R1:3513"
"PAK","BA:538","EAR_EHRM_SEX_NB","SEX_T","2008",24.038,,"T30:142","R1:3513"
"PAK","BA:538","EAR_EHRM_SEX_NB","SEX_T","2007",20,,"T30:142","R1:3513"
"PAK","BA:538","EAR_EHRM_SEX_NB","SEX_T","2006",16.981,"B","T30:142_I11:264","R1:3513"
"PAN","BA:511","EAR_EHRM_SEX_NB","SEX_T","2025",3.846,,"T30:94","R1:3513_S3:21"
"PAN","BA:511","EAR_EHRM_SEX_NB","SEX_T","2024",3.462,,"T30:94","R1:3513_S3:21"
"PAN","BA:511","EAR_EHRM_SEX_NB","SEX_T","2023",3.606,,"T30:94","R1:3513_S3:21"
"PAN","BX:16113","EAR_EHRM_SEX_NB","SEX_T","2022",3.462,,"T30:94","R1:3513_S3:21"
"PAN","BA:511","EAR_EHRM_SEX_NB","SEX_T","2021",3.606,"B","T30:94_I11:264","R1:3513_S3:21"
"PAN","BA:511","EAR_EHRM_SEX_NB","SEX_T","2020",4.095,"B","T30:94_I11:264","R1:3513_S3:19"
"PAN","BA:511","EAR_EHRM_SEX_NB","SEX_T","2019",3.462,,"T30:94","R1:3513_S3:19"
"PAN","BA:511","EAR_EHRM_SEX_NB","SEX_T","2018",3.462,,"T30:94","R1:3513_S3:19"
"PAN","BA:511","EAR_EHRM_SEX_NB","SEX_T","2017",3.462,,"T30:94","R1:3513_S3:19"
"PAN","BA:511","EAR_EHRM_SEX_NB","SEX_T","2016",3.191,,"T30:94","R1:3513_S3:19"
"PAN","BA:511","EAR_EHRM_SEX_NB","SEX_T","2015",2.885,,"T30:94","R1:3513_S3:19"
"PAN","BA:511","EAR_EHRM_SEX_NB","SEX_T","2014",2.885,,"T30:94","R1:3513_S3:19"
"PAN","BA:511","EAR_EHRM_SEX_NB","SEX_T","2013",2.596,,"T30:94","R1:3513_S3:19"
"PAN","BA:511","EAR_EHRM_SEX_NB","SEX_T","2012",2.404,,"T30:94","R1:3513_S3:19"
"PAN","BA:511","EAR_EHRM_SEX_NB","SEX_T","2011",2.284,,"T30:94","R1:3513_S3:19"
"PAN","BA:511","EAR_EHRM_SEX_NB","SEX_T","2010",2.089,"B","T30:94_I11:264","R1:3513_S3:19"
"PAN","BX:3055","EAR_EHRM_SEX_NB","SEX_T","2009",1.888,,"T30:94","R1:3513_S3:19"
"PAN","BB:16128","EAR_EHRM_SEX_NB","SEX_T","2008",1.731,,"T30:94","R1:3513"
"PAN","BX:3055","EAR_EHRM_SEX_NB","SEX_T","2007",1.683,,"T30:94","R1:3513_S3:19"
"PAN","BX:3055","EAR_EHRM_SEX_NB","SEX_T","2006",1.568,"B","T30:94_I11:264","R1:3513_S3:19"
"PAN","BB:16128","EAR_EHRM_SEX_NB","SEX_T","2003",1.442,,"T30:94","R1:3513"
"PER","BA:16208","EAR_EHRM_SEX_NB","SEX_T","2025",8.392,,"T30:96","R1:3513"
"PER","BA:16208","EAR_EHRM_SEX_NB","SEX_T","2024",7.912,,"T30:96","R1:3513"
"PER","BA:16208","EAR_EHRM_SEX_NB","SEX_T","2023",7.692,,"T30:96","R1:3513"
"PER","BA:16208","EAR_EHRM_SEX_NB","SEX_T","2022",6.923,"B","T30:96_I11:264","R1:3513"
"PER","BX:375","EAR_EHRM_SEX_NB","SEX_T","2021",6.519,,"T30:96","R1:3513"
"PER","BX:375","EAR_EHRM_SEX_NB","SEX_T","2020",6.09,"B","T30:96_I11:264","R1:3513"
"PER","BX:375","EAR_EHRM_SEX_NB","SEX_T","2019",6.346,,"T30:96","R1:3513"
"PER","BX:375","EAR_EHRM_SEX_NB","SEX_T","2018",6.097,,"T30:96","R1:3513"
"PER","BX:375","EAR_EHRM_SEX_NB","SEX_T","2017",6,,"T30:96","R1:3513"
"PER","BX:375","EAR_EHRM_SEX_NB","SEX_T","2016",5.849,,"T30:96","R1:3513"
"PER","BX:375","EAR_EHRM_SEX_NB","SEX_T","2015",5.507,,"T30:96","R1:3513"
"PER","BX:375","EAR_EHRM_SEX_NB","SEX_T","2014",5.4,,"T30:96","R1:3513"
"PER","BX:375","EAR_EHRM_SEX_NB","SEX_T","2013",5,,"T30:96","R1:3513"
"PER","BX:375","EAR_EHRM_SEX_NB","SEX_T","2012",4.763,,"T30:96","R1:3513"
"PER","BX:375","EAR_EHRM_SEX_NB","SEX_T","2011",4.35,,"T30:96","R1:3513"
"PER","BX:375","EAR_EHRM_SEX_NB","SEX_T","2010",3.906,,"T30:96","R1:3513"
"PER","BX:375","EAR_EHRM_SEX_NB","SEX_T","2009",3.75,,"T30:96","R1:3513"
"PER","BX:375","EAR_EHRM_SEX_NB","SEX_T","2008",3.365,,"T30:96","R1:3513"
"PER","BX:375","EAR_EHRM_SEX_NB","SEX_T","2007",3.037,,"T30:96","R1:3513"
"PER","BX:375","EAR_EHRM_SEX_NB","SEX_T","2006",2.769,,"T30:96","R1:3513"
"PER","BX:375","EAR_EHRM_SEX_NB","SEX_T","2005",2.502,,"T30:96","R1:3513"
"PER","BX:375","EAR_EHRM_SEX_NB","SEX_T","2004",2.604,,"T30:96","R1:3513"
"PER","BX:375","EAR_EHRM_SEX_NB","SEX_T","2003",2.677,,"T30:96","R1:3513"
"PER","BX:375","EAR_EHRM_SEX_NB","SEX_T","2002",2.677,"B","T30:96_I11:264","R1:3513"
"PER","BX:375","EAR_EHRM_SEX_NB","SEX_T","2001",2.65,,"T30:96","R1:3513"
"PER","BX:375","EAR_EHRM_SEX_NB","SEX_T","2000",2.672,,"T30:96","R1:3513"
"PHL","BA:629","EAR_EHRM_SEX_NB","SEX_T","2024",87.74,,"T30:143","R1:3513"
"PHL","BA:629","EAR_EHRM_SEX_NB","SEX_T","2023",83.353,,"T30:143","R1:3513"
"PHL","BA:629","EAR_EHRM_SEX_NB","SEX_T","2022",73.117,,"T30:143","R1:3513"
"PHL","BA:629","EAR_EHRM_SEX_NB","SEX_T","2021",73.117,"B","T30:143_I11:264","R1:3513"
"PHL","BA:629","EAR_EHRM_SEX_NB","SEX_T","2020",71.325,,"T30:143","R1:3513"
"PHL","BA:629","EAR_EHRM_SEX_NB","SEX_T","2019",62.02,,"T30:143","R1:3513"
"PHL","BA:629","EAR_EHRM_SEX_NB","SEX_T","2018",58.494,,"T30:143","R1:3513"
"PHL","BA:629","EAR_EHRM_SEX_NB","SEX_T","2017",56.1,,"T30:143","R1:3513"
"PHL","BA:629","EAR_EHRM_SEX_NB","SEX_T","2016",51.508,"B","T30:143_I11:264","R1:3513"
"PHL","BA:629","EAR_EHRM_SEX_NB","SEX_T","2015",50.425,,"T30:143","R1:3513"
"PHL","BA:629","EAR_EHRM_SEX_NB","SEX_T","2014",48.405,,"T30:143","R1:3513"
"PHL","BA:629","EAR_EHRM_SEX_NB","SEX_T","2013",45.039,,"T30:143","R1:3513"
"PHL","BA:629","EAR_EHRM_SEX_NB","SEX_T","2012",44.222,,"T30:143","R1:3513"
"PHL","BA:629","EAR_EHRM_SEX_NB","SEX_T","2011",43.346,,"T30:143","R1:3513"
"PHL","BA:629","EAR_EHRM_SEX_NB","SEX_T","2010",41.694,,"T30:143","R1:3513"
"PHL","BA:629","EAR_EHRM_SEX_NB","SEX_T","2009",39.698,,"T30:143","R1:3513"
"PHL","BA:629","EAR_EHRM_SEX_NB","SEX_T","2008",37.185,,"T30:143","R1:3513"
"PHL","BA:629","EAR_EHRM_SEX_NB","SEX_T","2007",35.804,,"T30:143","R1:3513"
"PHL","BA:629","EAR_EHRM_SEX_NB","SEX_T","2006",34.642,,"T30:143","R1:3513"
"PHL","BA:629","EAR_EHRM_SEX_NB","SEX_T","2005",33.382,,"T30:143","R1:3513"
"PHL","BA:629","EAR_EHRM_SEX_NB","SEX_T","2004",31.751,,"T30:143","R1:3513"
"PHL","BA:629","EAR_EHRM_SEX_NB","SEX_T","2003",31.044,,"T30:143","R1:3513"
"PHL","BA:629","EAR_EHRM_SEX_NB","SEX_T","2001",29.389,"B","T30:143_I11:264","R1:3513"
"PRI","AA:1553","EAR_EHRM_SEX_NB","SEX_T","2020",9.736,,"T30:97","R1:3513"
"PRI","AA:1553","EAR_EHRM_SEX_NB","SEX_T","2015",9.231,,"T30:97","R1:3513"
"PRT","BA:199","EAR_EHRM_SEX_NB","SEX_T","2025",6.667,,"T30:199","R1:3513"
"PRT","BA:199","EAR_EHRM_SEX_NB","SEX_T","2024",6.173,,"T30:199","R1:3513"
"PRT","BA:199","EAR_EHRM_SEX_NB","SEX_T","2023",5.658,,"T30:199","R1:3513"
"PRT","BA:199","EAR_EHRM_SEX_NB","SEX_T","2022",5.409,,"T30:199","R1:3513"
"PRT","BA:199","EAR_EHRM_SEX_NB","SEX_T","2021",5.192,,"T30:199","R1:3513"
"PRT","BA:199","EAR_EHRM_SEX_NB","SEX_T","2020",5,,"T30:199","R1:3513"
"PRT","BA:199","EAR_EHRM_SEX_NB","SEX_T","2019",4.615,,"T30:199","R1:3513"
"PRT","BA:199","EAR_EHRM_SEX_NB","SEX_T","2018",4.327,,"T30:199","R1:3513"
"PRT","BA:199","EAR_EHRM_SEX_NB","SEX_T","2017",4.269,,"T30:199","R1:3513"
"PRT","BA:199","EAR_EHRM_SEX_NB","SEX_T","2016",4.038,,"T30:199","R1:3513"
"PRT","BA:199","EAR_EHRM_SEX_NB","SEX_T","2015",4.038,,"T30:199","R1:3513"
"PRT","BA:199","EAR_EHRM_SEX_NB","SEX_T","2014",4.038,,"T30:199","R1:3513"
"PRT","BA:199","EAR_EHRM_SEX_NB","SEX_T","2013",3.923,,"T30:199","R1:3513"
"PRT","BA:199","EAR_EHRM_SEX_NB","SEX_T","2012",3.956,,"T30:199","R1:3513"
"PRT","BA:199","EAR_EHRM_SEX_NB","SEX_T","2011",3.85,,"T30:199","R1:3513"
"PRT","BA:199","EAR_EHRM_SEX_NB","SEX_T","2010",3.75,,"T30:199","R1:3513"
"PRT","BA:199","EAR_EHRM_SEX_NB","SEX_T","2009",3.75,,"T30:199","R1:3513"
"PRT","BA:199","EAR_EHRM_SEX_NB","SEX_T","2008",3.577,,"T30:199","R1:3513"
"PRT","BA:199","EAR_EHRM_SEX_NB","SEX_T","2007",3.462,,"T30:199","R1:3513"
"PRT","BA:199","EAR_EHRM_SEX_NB","SEX_T","2006",3.462,,"T30:199","R1:3513"
"PRT","BA:199","EAR_EHRM_SEX_NB","SEX_T","2005",3.298,,"T30:199","R1:3513"
"PRT","BA:199","EAR_EHRM_SEX_NB","SEX_T","2004",3,,"T30:199","R1:3513"
"PRT","BA:199","EAR_EHRM_SEX_NB","SEX_T","2003",3,,"T30:199","R1:3513"
"PRT","BA:199","EAR_EHRM_SEX_NB","SEX_T","2002",2.885,,"T30:199","R1:3513"
"PRT","BA:199","EAR_EHRM_SEX_NB","SEX_T","2001",566.865,,"T30:330","R1:3513"
"PRT","BA:199","EAR_EHRM_SEX_NB","SEX_T","2000",519.231,,"T30:330","R1:3513"
"PRY","BX:14043","EAR_EHRM_SEX_NB","SEX_T","2025",14423.078,,"T30:95","R1:3513"
"PRY","BX:14043","EAR_EHRM_SEX_NB","SEX_T","2024",13636.365,,"T30:95","R1:3513"
"PRY","BX:14043","EAR_EHRM_SEX_NB","SEX_T","2023",12820.514,,"T30:95","R1:3513"
"PRY","BX:14043","EAR_EHRM_SEX_NB","SEX_T","2022",12019.232,,"T30:95","R1:3513"
"PRY","BX:14043","EAR_EHRM_SEX_NB","SEX_T","2021",11538.462,,"T30:95","R1:3513"
"PRY","BX:14043","EAR_EHRM_SEX_NB","SEX_T","2019",11136.006,,"T30:95","R1:3513"
"PRY","BX:14043","EAR_EHRM_SEX_NB","SEX_T","2018",10576.924,,"T30:95","R1:3513"
"PRY","BX:14043","EAR_EHRM_SEX_NB","SEX_T","2017",10033.446,,"T30:95","R1:3513"
"PRY","BX:534","EAR_EHRM_SEX_NB","SEX_T","2016",8512.257,,"T30:95","R1:3513"
"PRY","BX:534","EAR_EHRM_SEX_NB","SEX_T","2015",9051.858,,"T30:95","R1:3513"
"PRY","BX:534","EAR_EHRM_SEX_NB","SEX_T","2014",8418.462,,"T30:95","R1:3513"
"PRY","BX:534","EAR_EHRM_SEX_NB","SEX_T","2013",7692.308,,"T30:95","R1:3513"
"PRY","BX:534","EAR_EHRM_SEX_NB","SEX_T","2012",7253.054,,"T30:95","R1:3513"
"PRY","BX:534","EAR_EHRM_SEX_NB","SEX_T","2011",6923.078,,"T30:95","R1:3513"
"PRY","BX:534","EAR_EHRM_SEX_NB","SEX_T","2010",5796.154,,"T30:95","R1:3513"
"PRY","BX:534","EAR_EHRM_SEX_NB","SEX_T","2009",5152.432,,"T30:95","R1:3513"
"PRY","BX:534","EAR_EHRM_SEX_NB","SEX_T","2008",4945.055,,"T30:95","R1:3513"
"PRY","BX:534","EAR_EHRM_SEX_NB","SEX_T","2007",4195.804,,"T30:95","R1:3513"
"PRY","BX:534","EAR_EHRM_SEX_NB","SEX_T","2006",4073.555,,"T30:95","R1:3513"
"PRY","BX:534","EAR_EHRM_SEX_NB","SEX_T","2005",3491.521,,"T30:95","R1:3513"
"PRY","BX:534","EAR_EHRM_SEX_NB","SEX_T","2004",3205.128,,"T30:95","R1:3513"
"PRY","BX:534","EAR_EHRM_SEX_NB","SEX_T","2003",3265.7,,"T30:95","R1:3513"
"PRY","BX:534","EAR_EHRM_SEX_NB","SEX_T","2002",2884.616,"B","T30:95_I11:264","R1:3513"
"PRY","BX:534","EAR_EHRM_SEX_NB","SEX_T","2001",3288.644,"B","T30:95_I11:264","R1:3513"
"PSE","BA:592","EAR_EHRM_SEX_NB","SEX_T","2025",15.624,,"T30:157","R1:3513_S4:6333"
"PSE","BA:592","EAR_EHRM_SEX_NB","SEX_T","2024",14.999,"B","T30:157_I11:264","R1:3513_S4:6333"
"PSE","BA:592","EAR_EHRM_SEX_NB","SEX_T","2022",14.582,,"T30:157","R1:3513"
"PSE","BA:592","EAR_EHRM_SEX_NB","SEX_T","2021",14.422,,"T30:157","R1:3513"
"PSE","BA:592","EAR_EHRM_SEX_NB","SEX_T","2020",14.422,,"T30:157","R1:3513"
"PSE","BA:592","EAR_EHRM_SEX_NB","SEX_T","2019",13.402,,"T30:157","R1:3513"
"PSE","BA:592","EAR_EHRM_SEX_NB","SEX_T","2018",12.499,,"T30:157","R1:3513"
"PSE","BA:592","EAR_EHRM_SEX_NB","SEX_T","2017",11.457,,"T30:157","R1:3513"
"PSE","BA:592","EAR_EHRM_SEX_NB","SEX_T","2016",10.988,,"T30:157","R1:3513"
"PSE","BA:592","EAR_EHRM_SEX_NB","SEX_T","2015",10.988,,"T30:157","R1:3513"
"RWA","BA:1590","EAR_EHRM_SEX_NB","SEX_T","2024",400,,"T30:39","R1:3513"
"RWA","BA:1590","EAR_EHRM_SEX_NB","SEX_T","2023",277.778,,"T30:39","R1:3513"
"RWA","BA:1590","EAR_EHRM_SEX_NB","SEX_T","2022",250,,"T30:39","R1:3513"
"RWA","BA:1590","EAR_EHRM_SEX_NB","SEX_T","2021",250,,"T30:39","R1:3513"
"RWA","BA:1590","EAR_EHRM_SEX_NB","SEX_T","2017",200,"B","T30:39_I11:264","R1:3513"
"RWA","BB:763","EAR_EHRM_SEX_NB","SEX_T","2014",313.358,"B","T30:39_I11:264","R1:3513"
"SDN","BA:1603","EAR_EHRM_SEX_NB","SEX_T","2022",428.572,"B","T30:48_I11:264","R1:3513"
"SEN","BA:13368","EAR_EHRM_SEX_NB","SEX_T","2025",432.692,,"T30:42","R1:3513"
"SEN","BA:13368","EAR_EHRM_SEX_NB","SEX_T","2024",410.256,,"T30:42","R1:3513"
"SEN","BA:13368","EAR_EHRM_SEX_NB","SEX_T","2023",329.67,,"T30:42","R1:3513"
"SEN","BA:13368","EAR_EHRM_SEX_NB","SEX_T","2022",329.67,,"T30:42","R1:3513"
"SEN","BA:13368","EAR_EHRM_SEX_NB","SEX_T","2019",288.462,,"T30:42","R1:3513"
"SLE","BX:15953","EAR_EHRM_SEX_NB","SEX_T","2018",4059.513,,"T30:44","R1:3513"
"SLV","BX:461","EAR_EHRM_SEX_NB","SEX_T","2025",2.233,,"T30:78","R1:3513"
"SLV","BX:461","EAR_EHRM_SEX_NB","SEX_T","2024",2.083,,"T30:78","R1:3513"
"SLV","BX:461","EAR_EHRM_SEX_NB","SEX_T","2023",1.98,,"T30:78","R1:3513"
"SLV","BX:461","EAR_EHRM_SEX_NB","SEX_T","2022",1.875,,"T30:78","R1:3513"
"SLV","BX:461","EAR_EHRM_SEX_NB","SEX_T","2021",1.667,,"T30:78","R1:3513"
"SLV","BX:461","EAR_EHRM_SEX_NB","SEX_T","2019",1.622,,"T30:78","R1:3513_T2:85"
"SLV","BX:461","EAR_EHRM_SEX_NB","SEX_T","2018",1.573,,"T30:78","R1:3513_T2:85"
"SLV","BX:461","EAR_EHRM_SEX_NB","SEX_T","2017",1.538,,"T30:78","R1:3513_T2:85"
"SLV","BX:461","EAR_EHRM_SEX_NB","SEX_T","2016",1.4,,"T30:78","R1:3513_T2:85"
"SLV","BX:461","EAR_EHRM_SEX_NB","SEX_T","2015",1.346,,"T30:78","R1:3513_T2:85"
"SLV","BX:461","EAR_EHRM_SEX_NB","SEX_T","2014",1.316,,"T30:78","R1:3513_T2:85"
"SLV","BX:461","EAR_EHRM_SEX_NB","SEX_T","2013",1.291,,"T30:78","R1:3513_T2:85"
"SLV","BX:461","EAR_EHRM_SEX_NB","SEX_T","2012",1.231,,"T30:78","R1:3513_T2:85"
"SLV","BX:461","EAR_EHRM_SEX_NB","SEX_T","2011",1.154,,"T30:78","R1:3513_T2:85"
"SLV","BX:461","EAR_EHRM_SEX_NB","SEX_T","2010",1.146,"B","T30:78_I11:264","R1:3513_T2:85"
"SOM","BB:16925","EAR_EHRM_SEX_NB","SEX_T","2022",1.846,,"T30:405","R1:3513"
"SWZ","BA:1672","EAR_EHRM_SEX_NB","SEX_T","2023",15.577,,"T30:49","R1:3513"
"SWZ","BA:1672","EAR_EHRM_SEX_NB","SEX_T","2021",13.461,,"T30:49","R1:3513"
"SWZ","BA:1672","EAR_EHRM_SEX_NB","SEX_T","2016",11.539,,"T30:49","R1:3513"
"THA","BA:741","EAR_EHRM_SEX_NB","SEX_T","2025",66.347,,"T30:151","R1:3513"
"THA","BA:741","EAR_EHRM_SEX_NB","SEX_T","2024",65.312,,"T30:151","R1:3513"
"THA","BA:741","EAR_EHRM_SEX_NB","SEX_T","2023",65.934,,"T30:151","R1:3513"
"THA","BA:741","EAR_EHRM_SEX_NB","SEX_T","2022",63.173,,"T30:151","R1:3513"
"THA","BA:741","EAR_EHRM_SEX_NB","SEX_T","2021",60.096,,"T30:151","R1:3513"
"THA","BA:741","EAR_EHRM_SEX_NB","SEX_T","2020",57.692,,"T30:151","R1:3513"
"THA","BA:741","EAR_EHRM_SEX_NB","SEX_T","2019",57.692,,"T30:151","R1:3513"
"THA","BA:741","EAR_EHRM_SEX_NB","SEX_T","2018",57.692,,"T30:151","R1:3513"
"THA","BA:741","EAR_EHRM_SEX_NB","SEX_T","2017",55.554,,"T30:151","R1:3513"
"THA","BA:741","EAR_EHRM_SEX_NB","SEX_T","2016",54.615,,"T30:151","R1:3513"
"THA","BA:741","EAR_EHRM_SEX_NB","SEX_T","2015",43.269,,"T30:151","R1:3513"
"THA","BA:741","EAR_EHRM_SEX_NB","SEX_T","2014",51.442,,"T30:151","R1:3513"
"TJK","BB:2229","EAR_EHRM_SEX_NB","SEX_T","2009",1.243,,"T30:150","R1:3513"
"TJK","BB:2229","EAR_EHRM_SEX_NB","SEX_T","2007",0.742,,"T30:150","R1:3513"
"TJK","BB:2229","EAR_EHRM_SEX_NB","SEX_T","2003",0.115,,"T30:150","R1:3513"
"TKL","BB:16122","EAR_EHRM_SEX_NB","SEX_T","2016",3.549,,"T30:230","R1:3513"
"TLS","BA:3050","EAR_EHRM_SEX_NB","SEX_T","2021",1.346,,"T30:152","R1:3513"
"TLS","BA:3050","EAR_EHRM_SEX_NB","SEX_T","2016",1.442,,"T30:152","R1:3513"
"TLS","BA:3050","EAR_EHRM_SEX_NB","SEX_T","2013",1.25,"B","T30:152_I11:264","R1:3513"
"TLS","BA:3050","EAR_EHRM_SEX_NB","SEX_T","2010",0.798,"B","T30:152_I11:264","R1:3513"
"TLS","BB:7029","EAR_EHRM_SEX_NB","SEX_T","2007",0.721,,"T30:152","R1:3513"
"TLS","BB:7029","EAR_EHRM_SEX_NB","SEX_T","2001",7035.615,,"T30:349","R1:3513"
"TON","BA:1712","EAR_EHRM_SEX_NB","SEX_T","2023",8.333,,"T30:231","R1:3513"
"TON","BB:16119","EAR_EHRM_SEX_NB","SEX_T","2021",5.769,,"T30:231","R1:3513"
"TON","BA:1712","EAR_EHRM_SEX_NB","SEX_T","2018",6.25,"B","T30:231_I11:264","R1:3513"
"TUN","BA:743","EAR_EHRM_SEX_NB","SEX_T","2019",3.106,,"T30:55","R1:3513_S3:9"
"TUR","BA:622","EAR_EHRM_SEX_NB","SEX_T","2025",168.269,,"T30:208","R1:3513"
"TUR","BA:622","EAR_EHRM_SEX_NB","SEX_T","2024",115.385,,"T30:208","R1:3513"
"TUR","BA:622","EAR_EHRM_SEX_NB","SEX_T","2023",59.615,,"T30:208","R1:3513"
"TUR","BA:622","EAR_EHRM_SEX_NB","SEX_T","2022",28.205,,"T30:208","R1:3513"
"TUR","BA:622","EAR_EHRM_SEX_NB","SEX_T","2021",16.827,,"T30:208","R1:3513"
"TUR","BA:622","EAR_EHRM_SEX_NB","SEX_T","2020",14.423,,"T30:208","R1:3513"
"TUR","BA:622","EAR_EHRM_SEX_NB","SEX_T","2019",11.654,,"T30:208","R1:3513"
"TUR","BA:622","EAR_EHRM_SEX_NB","SEX_T","2018",9.615,,"T30:208","R1:3513"
"TUR","BA:622","EAR_EHRM_SEX_NB","SEX_T","2017",8.1,,"T30:208","R1:3513"
"TUR","BA:622","EAR_EHRM_SEX_NB","SEX_T","2016",7.5,,"T30:208","R1:3513"
"TUR","BA:622","EAR_EHRM_SEX_NB","SEX_T","2015",6.082,,"T30:208","R1:3513"
"TUR","BA:622","EAR_EHRM_SEX_NB","SEX_T","2014",5.481,,"T30:208","R1:3513"
"TUR","BA:622","EAR_EHRM_SEX_NB","SEX_T","2013",4.853,,"T30:208","R1:3513"
"TUR","BA:622","EAR_EHRM_SEX_NB","SEX_T","2012",4.327,,"T30:208","R1:3513"
"TUR","BA:622","EAR_EHRM_SEX_NB","SEX_T","2011",3.923,,"T30:208","R1:3513"
"TUR","BA:622","EAR_EHRM_SEX_NB","SEX_T","2010",3.631,,"T30:208","R1:3513"
"TUR","BA:622","EAR_EHRM_SEX_NB","SEX_T","2009",3.297,,"T30:208","R1:3513"
"TUR","BA:622","EAR_EHRM_SEX_NB","SEX_T","2008",3.058,,"T30:351","R1:3513"
"TUR","BA:622","EAR_EHRM_SEX_NB","SEX_T","2007",2.769,,"T30:351","R1:3513"
"TUR","BA:622","EAR_EHRM_SEX_NB","SEX_T","2006",2.308,,"T30:351","R1:3513"
"TUR","BA:622","EAR_EHRM_SEX_NB","SEX_T","2005",2.06,,"T30:351","R1:3513"
"TZA","BA:1743","EAR_EHRM_SEX_NB","SEX_T","2025",1538.462,,"T30:50","R1:3513"
"TZA","BA:1743","EAR_EHRM_SEX_NB","SEX_T","2024",1299.501,"B","T30:50_I11:264","R1:3513"
"TZA","BA:1743","EAR_EHRM_SEX_NB","SEX_T","2020",1360.024,"B","T30:50_I11:264","R1:3513"
"TZA","BB:2542","EAR_EHRM_SEX_NB","SEX_T","2014",918.952,,"T30:50","R1:3513"
"TZA","BB:2542","EAR_EHRM_SEX_NB","SEX_T","2012",660.071,,"T30:50","R1:3513"
"TZA","BB:2542","EAR_EHRM_SEX_NB","SEX_T","2010",549.451,,"T30:50","R1:3513"
"TZA","BA:1743","EAR_EHRM_SEX_NB","SEX_T","2006",251.748,"B","T30:50_I11:264","R1:3513"
"TZA","BA:1743","EAR_EHRM_SEX_NB","SEX_T","2001",173.077,"B","T30:50_I11:264","R1:3513"
"UGA","BA:13047","EAR_EHRM_SEX_NB","SEX_T","2021",1142.857,,"T30:56","R1:3513"
"UGA","BB:268","EAR_EHRM_SEX_NB","SEX_T","2019",1236.264,,"T30:56","R1:3513"
"UGA","BA:13047","EAR_EHRM_SEX_NB","SEX_T","2017",1068.376,"B","T30:56_I11:264","R1:3513"
"UGA","BB:268","EAR_EHRM_SEX_NB","SEX_T","2014",2097.902,,"T30:56","R1:3513"
"UGA","BA:13047","EAR_EHRM_SEX_NB","SEX_T","2012",801.282,"B","T30:56_I11:264","R1:3513"
"UGA","BB:268","EAR_EHRM_SEX_NB","SEX_T","2011",1440.188,,"T30:56","R1:3513"
"UGA","BB:268","EAR_EHRM_SEX_NB","SEX_T","2010",1107.692,,"T30:56","R1:3513"
"URY","BA:16753","EAR_EHRM_SEX_NB","SEX_T","2024",230.769,,"T30:106","R1:3513"
"URY","BA:16753","EAR_EHRM_SEX_NB","SEX_T","2023",215.385,,"T30:106","R1:3513"
"URY","BA:16753","EAR_EHRM_SEX_NB","SEX_T","2022",194.872,,"T30:106","R1:3513"
"URY","BA:348","EAR_EHRM_SEX_NB","SEX_T","2020",194.362,"B","T30:106_I11:264","R1:3513"
"USA","BA:453","EAR_EHRM_SEX_NB","SEX_T","2025",26.8,"B","T30:105_I11:264","R1:3513_R1:2803_T2:85"
"USA","BA:453","EAR_EHRM_SEX_NB","SEX_T","2024",25.95,,"T30:105","R1:3513_T2:85"
"USA","BA:453","EAR_EHRM_SEX_NB","SEX_T","2023",25,,"T30:105","R1:3513_T2:85"
"USA","BA:453","EAR_EHRM_SEX_NB","SEX_T","2022",24,,"T30:105","R1:3513_T2:85"
"USA","BA:453","EAR_EHRM_SEX_NB","SEX_T","2021",22.059,,"T30:105","R1:3513_T2:85"
"USA","BA:453","EAR_EHRM_SEX_NB","SEX_T","2020",22,"B","T30:105_I11:264","R1:3513_T2:85"
"USA","BA:453","EAR_EHRM_SEX_NB","SEX_T","2019",20,,"T30:105","R1:3513_T2:85"
"USA","BA:453","EAR_EHRM_SEX_NB","SEX_T","2018",19.231,,"T30:105","R1:3513_T2:85"
"USA","BA:453","EAR_EHRM_SEX_NB","SEX_T","2017",18.8,,"T30:105","R1:3513_T2:85"
"USA","BA:453","EAR_EHRM_SEX_NB","SEX_T","2016",18,,"T30:105","R1:3513_T2:85"
"USA","BA:453","EAR_EHRM_SEX_NB","SEX_T","2015",17.5,,"T30:105","R1:3513_T2:85"
"USA","BA:453","EAR_EHRM_SEX_NB","SEX_T","2014",17.143,,"T30:105","R1:3513_T2:85"
"USA","BA:453","EAR_EHRM_SEX_NB","SEX_T","2013",16.875,,"T30:105","R1:3513_T2:85"
"USA","BA:453","EAR_EHRM_SEX_NB","SEX_T","2012",16.81,,"T30:105","R1:3513_T2:85"
"USA","BA:453","EAR_EHRM_SEX_NB","SEX_T","2011",16.5,,"T30:105","R1:3513_T2:85"
"USA","BA:453","EAR_EHRM_SEX_NB","SEX_T","2010",16.286,,"T30:105","R1:3513_T2:85"
"USA","BA:453","EAR_EHRM_SEX_NB","SEX_T","2009",16.41,,"T30:105","R1:3513_T2:85"
"USA","BA:453","EAR_EHRM_SEX_NB","SEX_T","2008",16,,"T30:105","R1:3513_T2:85"
"USA","BA:453","EAR_EHRM_SEX_NB","SEX_T","2007",15.207,,"T30:105","R1:3513_T2:85"
"USA","BA:453","EAR_EHRM_SEX_NB","SEX_T","2006",15,,"T30:105","R1:3513_T2:85"
"USA","BA:453","EAR_EHRM_SEX_NB","SEX_T","2005",14.423,,"T30:105","R1:3513_T2:85"
"USA","BA:453","EAR_EHRM_SEX_NB","SEX_T","2004",14.151,,"T30:105","R1:3513_T2:85"
"USA","BA:453","EAR_EHRM_SEX_NB","SEX_T","2003",13.846,,"T30:105","R1:3513_T2:85"
"USA","BA:453","EAR_EHRM_SEX_NB","SEX_T","2002",13.461,,"T30:105","R1:3513_T2:85"
"USA","BA:453","EAR_EHRM_SEX_NB","SEX_T","2001",13,,"T30:105","R1:3513_T2:85"
"USA","BA:453","EAR_EHRM_SEX_NB","SEX_T","2000",12.5,,"T30:105","R1:3513_T2:85"
"VEN","BA:382","EAR_EHRM_SEX_NB","SEX_T","2017",1442.308,,"T30:107","R1:3513"
"VEN","BA:382","EAR_EHRM_SEX_NB","SEX_T","2016",107.308,,"T30:107","R1:3513"
"VEN","BA:382","EAR_EHRM_SEX_NB","SEX_T","2012",13.846,,"T30:107","R1:3513"
"VEN","BA:382","EAR_EHRM_SEX_NB","SEX_T","2011",10.961,,"T30:107","R1:3513"
"VEN","BA:382","EAR_EHRM_SEX_NB","SEX_T","2010",8.786,,"T30:107","R1:3513"
"VEN","BA:382","EAR_EHRM_SEX_NB","SEX_T","2009",6.923,,"T30:107","R1:3513"
"VEN","BA:382","EAR_EHRM_SEX_NB","SEX_T","2008",5.308,,"T30:107","R1:3513"
"VEN","BA:382","EAR_EHRM_SEX_NB","SEX_T","2007",3956.044,,"T30:358","R1:3513"
"VEN","BA:382","EAR_EHRM_SEX_NB","SEX_T","2006",2953.846,,"T30:358","R1:3513"
"VEN","BA:382","EAR_EHRM_SEX_NB","SEX_T","2005",2163.462,"B","T30:358_I11:264","R1:3513"
"VNM","BA:1788","EAR_EHRM_SEX_NB","SEX_T","2024",38736.267,,"T30:156","R1:3513"
"VNM","BA:1788","EAR_EHRM_SEX_NB","SEX_T","2023",36390.535,,"T30:156","R1:3513"
"VNM","BA:1788","EAR_EHRM_SEX_NB","SEX_T","2022",34615.387,,"T30:156","R1:3513"
"VNM","BA:1788","EAR_EHRM_SEX_NB","SEX_T","2021",31250.002,,"T30:156","R1:3513"
"VNM","BA:1788","EAR_EHRM_SEX_NB","SEX_T","2020",31250.002,,"T30:156","R1:3513"
"VNM","BA:1788","EAR_EHRM_SEX_NB","SEX_T","2019",28846.156,,"I20:4077_T30:156","R1:3513"
"VNM","BA:1788","EAR_EHRM_SEX_NB","SEX_T","2018",25641.028,,"T30:156","R1:3513"
"VNM","BA:1788","EAR_EHRM_SEX_NB","SEX_T","2017",24038.463,,"T30:156","R1:3513"
"VNM","BA:1788","EAR_EHRM_SEX_NB","SEX_T","2016",23076.925,,"T30:156","R1:3513"
"VNM","BA:1788","EAR_EHRM_SEX_NB","SEX_T","2015",21634.617,,"T30:156","R1:3513"
"VNM","BA:1788","EAR_EHRM_SEX_NB","SEX_T","2014",19230.771,,"T30:156","R1:3513"
"VNM","BA:1788","EAR_EHRM_SEX_NB","SEX_T","2013",17343.777,,"T30:156","R1:3513"
"VNM","BA:1788","EAR_EHRM_SEX_NB","SEX_T","2012",15865.386,,"T30:156","R1:3513"
"VNM","BA:1788","EAR_EHRM_SEX_NB","SEX_T","2011",12692.309,,"T30:156","R1:3513"
"VNM","BA:1788","EAR_EHRM_SEX_NB","SEX_T","2009",8921.704,,"T30:156","R1:3513"
"VNM","BA:1788","EAR_EHRM_SEX_NB","SEX_T","2007",5769.231,"B","T30:156_I11:264","R1:3513"
"VUT","BB:15632","EAR_EHRM_SEX_NB","SEX_T","2010",221.538,,"T30:233","R1:3513"
"WLF","BB:16123","EAR_EHRM_SEX_NB","SEX_T","2019",1107.962,,"T30:216","R1:3513"
"WSM","BA:1794","EAR_EHRM_SEX_NB","SEX_T","2022",6.245,"B","T30:228_I11:264","R1:3513"
"WSM","BA:1794","EAR_EHRM_SEX_NB","SEX_T","2017",5.077,"B","T30:228_I11:264","R1:3513"
"WSM","BA:1794","EAR_EHRM_SEX_NB","SEX_T","2012",4.377,"B","T30:228_I11:264","R1:3513"
"YEM","BA:13360","EAR_EHRM_SEX_NB","SEX_T","2014",250,"B","T30:158_I11:264","R1:3513"
"ZAF","BA:595","EAR_EHRM_SEX_NB","SEX_T","2015",17.308,,"T30:46","R1:3513"
"ZAF","BA:595","EAR_EHRM_SEX_NB","SEX_T","2014",17.308,,"T30:46","R1:3513"
"ZAF","BA:595","EAR_EHRM_SEX_NB","SEX_T","2013",17.308,,"T30:46","R1:3513"
"ZAF","BA:595","EAR_EHRM_SEX_NB","SEX_T","2012",17.308,,"T30:46","R1:3513"
"ZAF","BA:595","EAR_EHRM_SEX_NB","SEX_T","2011",16.483,,"T30:46","R1:3513"
"ZAF","BA:595","EAR_EHRM_SEX_NB","SEX_T","2010",15.385,,"T30:46","R1:3513"
"ZAF","BA:595","EAR_EHRM_SEX_NB","SEX_T","2007",11.043,,"T30:46","R1:3513"
"ZAF","BA:595","EAR_EHRM_SEX_NB","SEX_T","2006",9.989,,"T30:46","R1:3513"
"ZAF","BA:595","EAR_EHRM_SEX_NB","SEX_T","2005",8.654,,"T30:46","R1:3513"
"ZAF","BA:595","EAR_EHRM_SEX_NB","SEX_T","2004",8.201,,"T30:46","R1:3513"
"ZAF","BA:595","EAR_EHRM_SEX_NB","SEX_T","2003",7.765,,"T30:46","R1:3513"
"ZAF","BA:595","EAR_EHRM_SEX_NB","SEX_T","2002",7.496,,"T30:46","R1:3513"
"ZAF","BA:595","EAR_EHRM_SEX_NB","SEX_T","2001",7.542,,"T30:46","R1:3513"
"ZAF","BA:595","EAR_EHRM_SEX_NB","SEX_T","2000",6.989,"B","T30:46_I11:264","R1:3513"
"ZMB","BA:2212","EAR_EHRM_SEX_NB","SEX_T","2024",13.665,,"T30:379","R1:3513"
"ZMB","BA:2212","EAR_EHRM_SEX_NB","SEX_T","2023",8.443,,"T30:379","R1:3513"
"ZMB","BA:2212","EAR_EHRM_SEX_NB","SEX_T","2022",9.231,,"T30:379","R1:3513"
"ZMB","BA:2212","EAR_EHRM_SEX_NB","SEX_T","2021",8.551,,"T30:379","R1:3513"
"ZMB","BA:2212","EAR_EHRM_SEX_NB","SEX_T","2020",8.559,,"T30:379","R1:3513"
"ZMB","BA:2212","EAR_EHRM_SEX_NB","SEX_T","2019",6.665,,"T30:379","R1:3513"
"ZMB","BA:2212","EAR_EHRM_SEX_NB","SEX_T","2018",7.959,"B","T30:379_I11:264","R1:3513"
"ZMB","BA:2212","EAR_EHRM_SEX_NB","SEX_T","2017",7.44,"B","T30:379_I11:264","R1:3513"
"ZWE","BA:1823","EAR_EHRM_SEX_NB","SEX_T","2023",1153.846,,"T30:58","R1:3513"
"ZWE","BA:1823","EAR_EHRM_SEX_NB","SEX_T","2022",58.608,,"T30:58","R1:3513"
"ZWE","BA:1823","EAR_EHRM_SEX_NB","SEX_T","2021",17.308,,"T30:58","R1:3513"
"ZWE","BA:1823","EAR_EHRM_SEX_NB","SEX_T","2014",1.088,,"T30:58","R1:3513"
